train_id,st_code,trip_no,arrival,departure,dist
22210,NDLS,1,2022-03-01 22:10:00,2022-03-01 22:10:00,0
22210,KOTA,1,2022-03-02 03:40:00,2022-03-02 03:50:00,465
22210,RTM,1,2022-03-02 07:00:00,2022-03-02 07:05:00,731
22210,BRC,1,2022-03-02 10:33:00,2022-03-02 10:43:00,993
22210,MMCT,1,2022-03-02 15:50:00,2022-03-02 15:50:00,1384
22210,NDLS,2,2022-03-02 22:10:00,2022-03-02 22:10:00,0
22210,KOTA,2,2022-03-03 03:40:00,2022-03-03 03:50:00,465
22210,RTM,2,2022-03-03 07:00:00,2022-03-03 07:05:00,731
22210,BRC,2,2022-03-03 10:33:00,2022-03-03 10:43:00,993
22210,MMCT,2,2022-03-03 15:50:00,2022-03-03 15:50:00,1384
22210,NDLS,3,2022-03-03 22:10:00,2022-03-03 22:10:00,0
22210,KOTA,3,2022-03-04 03:40:00,2022-03-04 03:50:00,465
22210,RTM,3,2022-03-04 07:00:00,2022-03-04 07:05:00,731
22210,BRC,3,2022-03-04 10:33:00,2022-03-04 10:43:00,993
22210,MMCT,3,2022-03-04 15:50:00,2022-03-04 15:50:00,1384
22210,NDLS,4,2022-03-04 22:10:00,2022-03-04 22:10:00,0
22210,KOTA,4,2022-03-05 03:40:00,2022-03-05 03:50:00,465
22210,RTM,4,2022-03-05 07:00:00,2022-03-05 07:05:00,731
22210,BRC,4,2022-03-05 10:33:00,2022-03-05 10:43:00,993
22210,MMCT,4,2022-03-05 15:50:00,2022-03-05 15:50:00,1384
22210,NDLS,5,2022-03-05 22:10:00,2022-03-05 22:10:00,0
22210,KOTA,5,2022-03-06 03:40:00,2022-03-06 03:50:00,465
22210,RTM,5,2022-03-06 07:00:00,2022-03-06 07:05:00,731
22210,BRC,5,2022-03-06 10:33:00,2022-03-06 10:43:00,993
22210,MMCT,5,2022-03-06 15:50:00,2022-03-06 15:50:00,1384
22210,NDLS,6,2022-03-06 22:10:00,2022-03-06 22:10:00,0
22210,KOTA,6,2022-03-07 03:40:00,2022-03-07 03:50:00,465
22210,RTM,6,2022-03-07 07:00:00,2022-03-07 07:05:00,731
22210,BRC,6,2022-03-07 10:33:00,2022-03-07 10:43:00,993
22210,MMCT,6,2022-03-07 15:50:00,2022-03-07 15:50:00,1384
22210,NDLS,7,2022-03-07 22:10:00,2022-03-07 22:10:00,0
22210,KOTA,7,2022-03-08 03:40:00,2022-03-08 03:50:00,465
22210,RTM,7,2022-03-08 07:00:00,2022-03-08 07:05:00,731
22210,BRC,7,2022-03-08 10:33:00,2022-03-08 10:43:00,993
22210,MMCT,7,2022-03-08 15:50:00,2022-03-08 15:50:00,1384
22908,HAPA,1,2022-03-01 21:40:00,2022-03-01 21:40:00,0
22908,RJT,1,2022-03-01 22:50:00,2022-03-01 22:55:00,77
22908,SUNR,1,2022-03-02 00:41:00,2022-03-02 00:43:00,193
22908,VG,1,2022-03-02 01:45:00,2022-03-02 01:47:00,258
22908,ADI,1,2022-03-02 03:05:00,2022-03-02 03:15:00,323
22908,ND,1,2022-03-02 04:01:00,2022-03-02 04:03:00,369
22908,ANND,1,2022-03-02 04:18:00,2022-03-02 04:20:00,387
22908,BRC,1,2022-03-02 04:58:00,2022-03-02 05:08:00,423
22908,BH,1,2022-03-02 06:00:00,2022-03-02 06:02:00,493
22908,ST,1,2022-03-02 06:57:00,2022-03-02 07:02:00,552
22908,VAPI,1,2022-03-02 08:17:00,2022-03-02 08:19:00,645
22908,BSR,1,2022-03-02 10:05:00,2022-03-02 10:10:00,767
22908,PNVL,1,2022-03-02 11:25:00,2022-03-02 11:30:00,834
22908,KHED,1,2022-03-02 14:02:00,2022-03-02 14:04:00,1049
22908,RN,1,2022-03-02 16:25:00,2022-03-02 16:30:00,1197
22908,KUDL,1,2022-03-02 18:38:00,2022-03-02 18:40:00,1392
22908,THVM,1,2022-03-02 19:18:00,2022-03-02 19:20:00,1467
22908,MAO,1,2022-03-02 21:00:00,2022-03-02 21:00:00,1531
22908,HAPA,2,2022-03-02 21:40:00,2022-03-02 21:40:00,0
22908,RJT,2,2022-03-02 22:50:00,2022-03-02 22:55:00,77
22908,SUNR,2,2022-03-03 00:41:00,2022-03-03 00:43:00,193
22908,VG,2,2022-03-03 01:45:00,2022-03-03 01:47:00,258
22908,ADI,2,2022-03-03 03:05:00,2022-03-03 03:15:00,323
22908,ND,2,2022-03-03 04:01:00,2022-03-03 04:03:00,369
22908,ANND,2,2022-03-03 04:18:00,2022-03-03 04:20:00,387
22908,BRC,2,2022-03-03 04:58:00,2022-03-03 05:08:00,423
22908,BH,2,2022-03-03 06:00:00,2022-03-03 06:02:00,493
22908,ST,2,2022-03-03 06:57:00,2022-03-03 07:02:00,552
22908,VAPI,2,2022-03-03 08:17:00,2022-03-03 08:19:00,645
22908,BSR,2,2022-03-03 10:05:00,2022-03-03 10:10:00,767
22908,PNVL,2,2022-03-03 11:25:00,2022-03-03 11:30:00,834
22908,KHED,2,2022-03-03 14:02:00,2022-03-03 14:04:00,1049
22908,RN,2,2022-03-03 16:25:00,2022-03-03 16:30:00,1197
22908,KUDL,2,2022-03-03 18:38:00,2022-03-03 18:40:00,1392
22908,THVM,2,2022-03-03 19:18:00,2022-03-03 19:20:00,1467
22908,MAO,2,2022-03-03 21:00:00,2022-03-03 21:00:00,1531
22908,HAPA,3,2022-03-03 21:40:00,2022-03-03 21:40:00,0
22908,RJT,3,2022-03-03 22:50:00,2022-03-03 22:55:00,77
22908,SUNR,3,2022-03-04 00:41:00,2022-03-04 00:43:00,193
22908,VG,3,2022-03-04 01:45:00,2022-03-04 01:47:00,258
22908,ADI,3,2022-03-04 03:05:00,2022-03-04 03:15:00,323
22908,ND,3,2022-03-04 04:01:00,2022-03-04 04:03:00,369
22908,ANND,3,2022-03-04 04:18:00,2022-03-04 04:20:00,387
22908,BRC,3,2022-03-04 04:58:00,2022-03-04 05:08:00,423
22908,BH,3,2022-03-04 06:00:00,2022-03-04 06:02:00,493
22908,ST,3,2022-03-04 06:57:00,2022-03-04 07:02:00,552
22908,VAPI,3,2022-03-04 08:17:00,2022-03-04 08:19:00,645
22908,BSR,3,2022-03-04 10:05:00,2022-03-04 10:10:00,767
22908,PNVL,3,2022-03-04 11:25:00,2022-03-04 11:30:00,834
22908,KHED,3,2022-03-04 14:02:00,2022-03-04 14:04:00,1049
22908,RN,3,2022-03-04 16:25:00,2022-03-04 16:30:00,1197
22908,KUDL,3,2022-03-04 18:38:00,2022-03-04 18:40:00,1392
22908,THVM,3,2022-03-04 19:18:00,2022-03-04 19:20:00,1467
22908,MAO,3,2022-03-04 21:00:00,2022-03-04 21:00:00,1531
22908,HAPA,4,2022-03-04 21:40:00,2022-03-04 21:40:00,0
22908,RJT,4,2022-03-04 22:50:00,2022-03-04 22:55:00,77
22908,SUNR,4,2022-03-05 00:41:00,2022-03-05 00:43:00,193
22908,VG,4,2022-03-05 01:45:00,2022-03-05 01:47:00,258
22908,ADI,4,2022-03-05 03:05:00,2022-03-05 03:15:00,323
22908,ND,4,2022-03-05 04:01:00,2022-03-05 04:03:00,369
22908,ANND,4,2022-03-05 04:18:00,2022-03-05 04:20:00,387
22908,BRC,4,2022-03-05 04:58:00,2022-03-05 05:08:00,423
22908,BH,4,2022-03-05 06:00:00,2022-03-05 06:02:00,493
22908,ST,4,2022-03-05 06:57:00,2022-03-05 07:02:00,552
22908,VAPI,4,2022-03-05 08:17:00,2022-03-05 08:19:00,645
22908,BSR,4,2022-03-05 10:05:00,2022-03-05 10:10:00,767
22908,PNVL,4,2022-03-05 11:25:00,2022-03-05 11:30:00,834
22908,KHED,4,2022-03-05 14:02:00,2022-03-05 14:04:00,1049
22908,RN,4,2022-03-05 16:25:00,2022-03-05 16:30:00,1197
22908,KUDL,4,2022-03-05 18:38:00,2022-03-05 18:40:00,1392
22908,THVM,4,2022-03-05 19:18:00,2022-03-05 19:20:00,1467
22908,MAO,4,2022-03-05 21:00:00,2022-03-05 21:00:00,1531
22908,HAPA,5,2022-03-05 21:40:00,2022-03-05 21:40:00,0
22908,RJT,5,2022-03-05 22:50:00,2022-03-05 22:55:00,77
22908,SUNR,5,2022-03-06 00:41:00,2022-03-06 00:43:00,193
22908,VG,5,2022-03-06 01:45:00,2022-03-06 01:47:00,258
22908,ADI,5,2022-03-06 03:05:00,2022-03-06 03:15:00,323
22908,ND,5,2022-03-06 04:01:00,2022-03-06 04:03:00,369
22908,ANND,5,2022-03-06 04:18:00,2022-03-06 04:20:00,387
22908,BRC,5,2022-03-06 04:58:00,2022-03-06 05:08:00,423
22908,BH,5,2022-03-06 06:00:00,2022-03-06 06:02:00,493
22908,ST,5,2022-03-06 06:57:00,2022-03-06 07:02:00,552
22908,VAPI,5,2022-03-06 08:17:00,2022-03-06 08:19:00,645
22908,BSR,5,2022-03-06 10:05:00,2022-03-06 10:10:00,767
22908,PNVL,5,2022-03-06 11:25:00,2022-03-06 11:30:00,834
22908,KHED,5,2022-03-06 14:02:00,2022-03-06 14:04:00,1049
22908,RN,5,2022-03-06 16:25:00,2022-03-06 16:30:00,1197
22908,KUDL,5,2022-03-06 18:38:00,2022-03-06 18:40:00,1392
22908,THVM,5,2022-03-06 19:18:00,2022-03-06 19:20:00,1467
22908,MAO,5,2022-03-06 21:00:00,2022-03-06 21:00:00,1531
22908,HAPA,6,2022-03-06 21:40:00,2022-03-06 21:40:00,0
22908,RJT,6,2022-03-06 22:50:00,2022-03-06 22:55:00,77
22908,SUNR,6,2022-03-07 00:41:00,2022-03-07 00:43:00,193
22908,VG,6,2022-03-07 01:45:00,2022-03-07 01:47:00,258
22908,ADI,6,2022-03-07 03:05:00,2022-03-07 03:15:00,323
22908,ND,6,2022-03-07 04:01:00,2022-03-07 04:03:00,369
22908,ANND,6,2022-03-07 04:18:00,2022-03-07 04:20:00,387
22908,BRC,6,2022-03-07 04:58:00,2022-03-07 05:08:00,423
22908,BH,6,2022-03-07 06:00:00,2022-03-07 06:02:00,493
22908,ST,6,2022-03-07 06:57:00,2022-03-07 07:02:00,552
22908,VAPI,6,2022-03-07 08:17:00,2022-03-07 08:19:00,645
22908,BSR,6,2022-03-07 10:05:00,2022-03-07 10:10:00,767
22908,PNVL,6,2022-03-07 11:25:00,2022-03-07 11:30:00,834
22908,KHED,6,2022-03-07 14:02:00,2022-03-07 14:04:00,1049
22908,RN,6,2022-03-07 16:25:00,2022-03-07 16:30:00,1197
22908,KUDL,6,2022-03-07 18:38:00,2022-03-07 18:40:00,1392
22908,THVM,6,2022-03-07 19:18:00,2022-03-07 19:20:00,1467
22908,MAO,6,2022-03-07 21:00:00,2022-03-07 21:00:00,1531
22908,HAPA,7,2022-03-07 21:40:00,2022-03-07 21:40:00,0
22908,RJT,7,2022-03-07 22:50:00,2022-03-07 22:55:00,77
22908,SUNR,7,2022-03-08 00:41:00,2022-03-08 00:43:00,193
22908,VG,7,2022-03-08 01:45:00,2022-03-08 01:47:00,258
22908,ADI,7,2022-03-08 03:05:00,2022-03-08 03:15:00,323
22908,ND,7,2022-03-08 04:01:00,2022-03-08 04:03:00,369
22908,ANND,7,2022-03-08 04:18:00,2022-03-08 04:20:00,387
22908,BRC,7,2022-03-08 04:58:00,2022-03-08 05:08:00,423
22908,BH,7,2022-03-08 06:00:00,2022-03-08 06:02:00,493
22908,ST,7,2022-03-08 06:57:00,2022-03-08 07:02:00,552
22908,VAPI,7,2022-03-08 08:17:00,2022-03-08 08:19:00,645
22908,BSR,7,2022-03-08 10:05:00,2022-03-08 10:10:00,767
22908,PNVL,7,2022-03-08 11:25:00,2022-03-08 11:30:00,834
22908,KHED,7,2022-03-08 14:02:00,2022-03-08 14:04:00,1049
22908,RN,7,2022-03-08 16:25:00,2022-03-08 16:30:00,1197
22908,KUDL,7,2022-03-08 18:38:00,2022-03-08 18:40:00,1392
22908,THVM,7,2022-03-08 19:18:00,2022-03-08 19:20:00,1467
22908,MAO,7,2022-03-08 21:00:00,2022-03-08 21:00:00,1531
53181,SDAH,1,2022-03-01 23:30:00,2022-03-01 23:30:00,0
53181,DDJ,1,2022-03-01 23:42:00,2022-03-01 23:43:00,7
53181,BP,1,2022-03-01 23:58:00,2022-03-01 23:59:00,23
53181,NH,1,2022-03-02 00:17:00,2022-03-02 00:19:00,38
53181,HLR,1,2022-03-02 00:25:00,2022-03-02 00:26:00,42
53181,KPA,1,2022-03-02 00:30:00,2022-03-02 00:31:00,46
53181,KYI,1,2022-03-02 00:36:00,2022-03-02 00:37:00,49
53181,CDH,1,2022-03-02 00:50:00,2022-03-02 00:51:00,62
53181,RHA,1,2022-03-02 01:08:00,2022-03-02 01:10:00,74
53181,KLNP,1,2022-03-02 01:18:00,2022-03-02 01:19:00,78
53181,BIJ,1,2022-03-02 01:24:00,2022-03-02 01:25:00,82
53181,THP,1,2022-03-02 01:29:00,2022-03-02 01:30:00,85
53181,BDZ,1,2022-03-02 01:36:00,2022-03-02 01:37:00,90
53181,KNJ,1,2022-03-02 02:00:00,2022-03-02 02:05:00,100
53181,BPD,1,2022-03-02 02:12:00,2022-03-02 02:13:00,107
53181,DHU,1,2022-03-02 02:19:00,2022-03-02 02:20:00,112
53181,MGM,1,2022-03-02 02:26:00,2022-03-02 02:27:00,118
53181,BTY,1,2022-03-02 02:36:00,2022-03-02 02:37:00,128
53181,SVH,1,2022-03-02 02:42:00,2022-03-02 02:43:00,132
53181,DEB,1,2022-03-02 02:51:00,2022-03-02 02:52:00,140
53181,PCX,1,2022-03-02 02:58:00,2022-03-02 02:59:00,144
53181,PLY,1,2022-03-02 03:05:00,2022-03-02 03:06:00,150
53181,REJ,1,2022-03-02 03:14:00,2022-03-02 03:15:00,159
53181,BEB,1,2022-03-02 03:24:00,2022-03-02 03:25:00,168
53181,BFT,1,2022-03-02 03:31:00,2022-03-02 03:32:00,174
53181,SGV,1,2022-03-02 03:37:00,2022-03-02 03:38:00,177
53181,BPC,1,2022-03-02 03:52:00,2022-03-02 03:53:00,186
53181,CSZ,1,2022-03-02 03:59:00,2022-03-02 04:00:00,190
53181,MBB,1,2022-03-02 04:08:00,2022-03-02 04:09:00,197
53181,JJG,1,2022-03-02 04:17:00,2022-03-02 04:18:00,204
53181,BQG,1,2022-03-02 04:28:00,2022-03-02 04:29:00,216
53181,PRTL,1,2022-03-02 04:34:00,2022-03-02 04:35:00,220
53181,KRP,1,2022-03-02 04:41:00,2022-03-02 04:42:00,226
53181,LGL,1,2022-03-02 05:00:00,2022-03-02 05:00:00,227
53181,SDAH,2,2022-03-02 23:30:00,2022-03-02 23:30:00,0
53181,DDJ,2,2022-03-02 23:42:00,2022-03-02 23:43:00,7
53181,BP,2,2022-03-02 23:58:00,2022-03-02 23:59:00,23
53181,NH,2,2022-03-03 00:17:00,2022-03-03 00:19:00,38
53181,HLR,2,2022-03-03 00:25:00,2022-03-03 00:26:00,42
53181,KPA,2,2022-03-03 00:30:00,2022-03-03 00:31:00,46
53181,KYI,2,2022-03-03 00:36:00,2022-03-03 00:37:00,49
53181,CDH,2,2022-03-03 00:50:00,2022-03-03 00:51:00,62
53181,RHA,2,2022-03-03 01:08:00,2022-03-03 01:10:00,74
53181,KLNP,2,2022-03-03 01:18:00,2022-03-03 01:19:00,78
53181,BIJ,2,2022-03-03 01:24:00,2022-03-03 01:25:00,82
53181,THP,2,2022-03-03 01:29:00,2022-03-03 01:30:00,85
53181,BDZ,2,2022-03-03 01:36:00,2022-03-03 01:37:00,90
53181,KNJ,2,2022-03-03 02:00:00,2022-03-03 02:05:00,100
53181,BPD,2,2022-03-03 02:12:00,2022-03-03 02:13:00,107
53181,DHU,2,2022-03-03 02:19:00,2022-03-03 02:20:00,112
53181,MGM,2,2022-03-03 02:26:00,2022-03-03 02:27:00,118
53181,BTY,2,2022-03-03 02:36:00,2022-03-03 02:37:00,128
53181,SVH,2,2022-03-03 02:42:00,2022-03-03 02:43:00,132
53181,DEB,2,2022-03-03 02:51:00,2022-03-03 02:52:00,140
53181,PCX,2,2022-03-03 02:58:00,2022-03-03 02:59:00,144
53181,PLY,2,2022-03-03 03:05:00,2022-03-03 03:06:00,150
53181,REJ,2,2022-03-03 03:14:00,2022-03-03 03:15:00,159
53181,BEB,2,2022-03-03 03:24:00,2022-03-03 03:25:00,168
53181,BFT,2,2022-03-03 03:31:00,2022-03-03 03:32:00,174
53181,SGV,2,2022-03-03 03:37:00,2022-03-03 03:38:00,177
53181,BPC,2,2022-03-03 03:52:00,2022-03-03 03:53:00,186
53181,CSZ,2,2022-03-03 03:59:00,2022-03-03 04:00:00,190
53181,MBB,2,2022-03-03 04:08:00,2022-03-03 04:09:00,197
53181,JJG,2,2022-03-03 04:17:00,2022-03-03 04:18:00,204
53181,BQG,2,2022-03-03 04:28:00,2022-03-03 04:29:00,216
53181,PRTL,2,2022-03-03 04:34:00,2022-03-03 04:35:00,220
53181,KRP,2,2022-03-03 04:41:00,2022-03-03 04:42:00,226
53181,LGL,2,2022-03-03 05:00:00,2022-03-03 05:00:00,227
53181,SDAH,3,2022-03-03 23:30:00,2022-03-03 23:30:00,0
53181,DDJ,3,2022-03-03 23:42:00,2022-03-03 23:43:00,7
53181,BP,3,2022-03-03 23:58:00,2022-03-03 23:59:00,23
53181,NH,3,2022-03-04 00:17:00,2022-03-04 00:19:00,38
53181,HLR,3,2022-03-04 00:25:00,2022-03-04 00:26:00,42
53181,KPA,3,2022-03-04 00:30:00,2022-03-04 00:31:00,46
53181,KYI,3,2022-03-04 00:36:00,2022-03-04 00:37:00,49
53181,CDH,3,2022-03-04 00:50:00,2022-03-04 00:51:00,62
53181,RHA,3,2022-03-04 01:08:00,2022-03-04 01:10:00,74
53181,KLNP,3,2022-03-04 01:18:00,2022-03-04 01:19:00,78
53181,BIJ,3,2022-03-04 01:24:00,2022-03-04 01:25:00,82
53181,THP,3,2022-03-04 01:29:00,2022-03-04 01:30:00,85
53181,BDZ,3,2022-03-04 01:36:00,2022-03-04 01:37:00,90
53181,KNJ,3,2022-03-04 02:00:00,2022-03-04 02:05:00,100
53181,BPD,3,2022-03-04 02:12:00,2022-03-04 02:13:00,107
53181,DHU,3,2022-03-04 02:19:00,2022-03-04 02:20:00,112
53181,MGM,3,2022-03-04 02:26:00,2022-03-04 02:27:00,118
53181,BTY,3,2022-03-04 02:36:00,2022-03-04 02:37:00,128
53181,SVH,3,2022-03-04 02:42:00,2022-03-04 02:43:00,132
53181,DEB,3,2022-03-04 02:51:00,2022-03-04 02:52:00,140
53181,PCX,3,2022-03-04 02:58:00,2022-03-04 02:59:00,144
53181,PLY,3,2022-03-04 03:05:00,2022-03-04 03:06:00,150
53181,REJ,3,2022-03-04 03:14:00,2022-03-04 03:15:00,159
53181,BEB,3,2022-03-04 03:24:00,2022-03-04 03:25:00,168
53181,BFT,3,2022-03-04 03:31:00,2022-03-04 03:32:00,174
53181,SGV,3,2022-03-04 03:37:00,2022-03-04 03:38:00,177
53181,BPC,3,2022-03-04 03:52:00,2022-03-04 03:53:00,186
53181,CSZ,3,2022-03-04 03:59:00,2022-03-04 04:00:00,190
53181,MBB,3,2022-03-04 04:08:00,2022-03-04 04:09:00,197
53181,JJG,3,2022-03-04 04:17:00,2022-03-04 04:18:00,204
53181,BQG,3,2022-03-04 04:28:00,2022-03-04 04:29:00,216
53181,PRTL,3,2022-03-04 04:34:00,2022-03-04 04:35:00,220
53181,KRP,3,2022-03-04 04:41:00,2022-03-04 04:42:00,226
53181,LGL,3,2022-03-04 05:00:00,2022-03-04 05:00:00,227
53181,SDAH,4,2022-03-04 23:30:00,2022-03-04 23:30:00,0
53181,DDJ,4,2022-03-04 23:42:00,2022-03-04 23:43:00,7
53181,BP,4,2022-03-04 23:58:00,2022-03-04 23:59:00,23
53181,NH,4,2022-03-05 00:17:00,2022-03-05 00:19:00,38
53181,HLR,4,2022-03-05 00:25:00,2022-03-05 00:26:00,42
53181,KPA,4,2022-03-05 00:30:00,2022-03-05 00:31:00,46
53181,KYI,4,2022-03-05 00:36:00,2022-03-05 00:37:00,49
53181,CDH,4,2022-03-05 00:50:00,2022-03-05 00:51:00,62
53181,RHA,4,2022-03-05 01:08:00,2022-03-05 01:10:00,74
53181,KLNP,4,2022-03-05 01:18:00,2022-03-05 01:19:00,78
53181,BIJ,4,2022-03-05 01:24:00,2022-03-05 01:25:00,82
53181,THP,4,2022-03-05 01:29:00,2022-03-05 01:30:00,85
53181,BDZ,4,2022-03-05 01:36:00,2022-03-05 01:37:00,90
53181,KNJ,4,2022-03-05 02:00:00,2022-03-05 02:05:00,100
53181,BPD,4,2022-03-05 02:12:00,2022-03-05 02:13:00,107
53181,DHU,4,2022-03-05 02:19:00,2022-03-05 02:20:00,112
53181,MGM,4,2022-03-05 02:26:00,2022-03-05 02:27:00,118
53181,BTY,4,2022-03-05 02:36:00,2022-03-05 02:37:00,128
53181,SVH,4,2022-03-05 02:42:00,2022-03-05 02:43:00,132
53181,DEB,4,2022-03-05 02:51:00,2022-03-05 02:52:00,140
53181,PCX,4,2022-03-05 02:58:00,2022-03-05 02:59:00,144
53181,PLY,4,2022-03-05 03:05:00,2022-03-05 03:06:00,150
53181,REJ,4,2022-03-05 03:14:00,2022-03-05 03:15:00,159
53181,BEB,4,2022-03-05 03:24:00,2022-03-05 03:25:00,168
53181,BFT,4,2022-03-05 03:31:00,2022-03-05 03:32:00,174
53181,SGV,4,2022-03-05 03:37:00,2022-03-05 03:38:00,177
53181,BPC,4,2022-03-05 03:52:00,2022-03-05 03:53:00,186
53181,CSZ,4,2022-03-05 03:59:00,2022-03-05 04:00:00,190
53181,MBB,4,2022-03-05 04:08:00,2022-03-05 04:09:00,197
53181,JJG,4,2022-03-05 04:17:00,2022-03-05 04:18:00,204
53181,BQG,4,2022-03-05 04:28:00,2022-03-05 04:29:00,216
53181,PRTL,4,2022-03-05 04:34:00,2022-03-05 04:35:00,220
53181,KRP,4,2022-03-05 04:41:00,2022-03-05 04:42:00,226
53181,LGL,4,2022-03-05 05:00:00,2022-03-05 05:00:00,227
53181,SDAH,5,2022-03-05 23:30:00,2022-03-05 23:30:00,0
53181,DDJ,5,2022-03-05 23:42:00,2022-03-05 23:43:00,7
53181,BP,5,2022-03-05 23:58:00,2022-03-05 23:59:00,23
53181,NH,5,2022-03-06 00:17:00,2022-03-06 00:19:00,38
53181,HLR,5,2022-03-06 00:25:00,2022-03-06 00:26:00,42
53181,KPA,5,2022-03-06 00:30:00,2022-03-06 00:31:00,46
53181,KYI,5,2022-03-06 00:36:00,2022-03-06 00:37:00,49
53181,CDH,5,2022-03-06 00:50:00,2022-03-06 00:51:00,62
53181,RHA,5,2022-03-06 01:08:00,2022-03-06 01:10:00,74
53181,KLNP,5,2022-03-06 01:18:00,2022-03-06 01:19:00,78
53181,BIJ,5,2022-03-06 01:24:00,2022-03-06 01:25:00,82
53181,THP,5,2022-03-06 01:29:00,2022-03-06 01:30:00,85
53181,BDZ,5,2022-03-06 01:36:00,2022-03-06 01:37:00,90
53181,KNJ,5,2022-03-06 02:00:00,2022-03-06 02:05:00,100
53181,BPD,5,2022-03-06 02:12:00,2022-03-06 02:13:00,107
53181,DHU,5,2022-03-06 02:19:00,2022-03-06 02:20:00,112
53181,MGM,5,2022-03-06 02:26:00,2022-03-06 02:27:00,118
53181,BTY,5,2022-03-06 02:36:00,2022-03-06 02:37:00,128
53181,SVH,5,2022-03-06 02:42:00,2022-03-06 02:43:00,132
53181,DEB,5,2022-03-06 02:51:00,2022-03-06 02:52:00,140
53181,PCX,5,2022-03-06 02:58:00,2022-03-06 02:59:00,144
53181,PLY,5,2022-03-06 03:05:00,2022-03-06 03:06:00,150
53181,REJ,5,2022-03-06 03:14:00,2022-03-06 03:15:00,159
53181,BEB,5,2022-03-06 03:24:00,2022-03-06 03:25:00,168
53181,BFT,5,2022-03-06 03:31:00,2022-03-06 03:32:00,174
53181,SGV,5,2022-03-06 03:37:00,2022-03-06 03:38:00,177
53181,BPC,5,2022-03-06 03:52:00,2022-03-06 03:53:00,186
53181,CSZ,5,2022-03-06 03:59:00,2022-03-06 04:00:00,190
53181,MBB,5,2022-03-06 04:08:00,2022-03-06 04:09:00,197
53181,JJG,5,2022-03-06 04:17:00,2022-03-06 04:18:00,204
53181,BQG,5,2022-03-06 04:28:00,2022-03-06 04:29:00,216
53181,PRTL,5,2022-03-06 04:34:00,2022-03-06 04:35:00,220
53181,KRP,5,2022-03-06 04:41:00,2022-03-06 04:42:00,226
53181,LGL,5,2022-03-06 05:00:00,2022-03-06 05:00:00,227
53181,SDAH,6,2022-03-06 23:30:00,2022-03-06 23:30:00,0
53181,DDJ,6,2022-03-06 23:42:00,2022-03-06 23:43:00,7
53181,BP,6,2022-03-06 23:58:00,2022-03-06 23:59:00,23
53181,NH,6,2022-03-07 00:17:00,2022-03-07 00:19:00,38
53181,HLR,6,2022-03-07 00:25:00,2022-03-07 00:26:00,42
53181,KPA,6,2022-03-07 00:30:00,2022-03-07 00:31:00,46
53181,KYI,6,2022-03-07 00:36:00,2022-03-07 00:37:00,49
53181,CDH,6,2022-03-07 00:50:00,2022-03-07 00:51:00,62
53181,RHA,6,2022-03-07 01:08:00,2022-03-07 01:10:00,74
53181,KLNP,6,2022-03-07 01:18:00,2022-03-07 01:19:00,78
53181,BIJ,6,2022-03-07 01:24:00,2022-03-07 01:25:00,82
53181,THP,6,2022-03-07 01:29:00,2022-03-07 01:30:00,85
53181,BDZ,6,2022-03-07 01:36:00,2022-03-07 01:37:00,90
53181,KNJ,6,2022-03-07 02:00:00,2022-03-07 02:05:00,100
53181,BPD,6,2022-03-07 02:12:00,2022-03-07 02:13:00,107
53181,DHU,6,2022-03-07 02:19:00,2022-03-07 02:20:00,112
53181,MGM,6,2022-03-07 02:26:00,2022-03-07 02:27:00,118
53181,BTY,6,2022-03-07 02:36:00,2022-03-07 02:37:00,128
53181,SVH,6,2022-03-07 02:42:00,2022-03-07 02:43:00,132
53181,DEB,6,2022-03-07 02:51:00,2022-03-07 02:52:00,140
53181,PCX,6,2022-03-07 02:58:00,2022-03-07 02:59:00,144
53181,PLY,6,2022-03-07 03:05:00,2022-03-07 03:06:00,150
53181,REJ,6,2022-03-07 03:14:00,2022-03-07 03:15:00,159
53181,BEB,6,2022-03-07 03:24:00,2022-03-07 03:25:00,168
53181,BFT,6,2022-03-07 03:31:00,2022-03-07 03:32:00,174
53181,SGV,6,2022-03-07 03:37:00,2022-03-07 03:38:00,177
53181,BPC,6,2022-03-07 03:52:00,2022-03-07 03:53:00,186
53181,CSZ,6,2022-03-07 03:59:00,2022-03-07 04:00:00,190
53181,MBB,6,2022-03-07 04:08:00,2022-03-07 04:09:00,197
53181,JJG,6,2022-03-07 04:17:00,2022-03-07 04:18:00,204
53181,BQG,6,2022-03-07 04:28:00,2022-03-07 04:29:00,216
53181,PRTL,6,2022-03-07 04:34:00,2022-03-07 04:35:00,220
53181,KRP,6,2022-03-07 04:41:00,2022-03-07 04:42:00,226
53181,LGL,6,2022-03-07 05:00:00,2022-03-07 05:00:00,227
53181,SDAH,7,2022-03-07 23:30:00,2022-03-07 23:30:00,0
53181,DDJ,7,2022-03-07 23:42:00,2022-03-07 23:43:00,7
53181,BP,7,2022-03-07 23:58:00,2022-03-07 23:59:00,23
53181,NH,7,2022-03-08 00:17:00,2022-03-08 00:19:00,38
53181,HLR,7,2022-03-08 00:25:00,2022-03-08 00:26:00,42
53181,KPA,7,2022-03-08 00:30:00,2022-03-08 00:31:00,46
53181,KYI,7,2022-03-08 00:36:00,2022-03-08 00:37:00,49
53181,CDH,7,2022-03-08 00:50:00,2022-03-08 00:51:00,62
53181,RHA,7,2022-03-08 01:08:00,2022-03-08 01:10:00,74
53181,KLNP,7,2022-03-08 01:18:00,2022-03-08 01:19:00,78
53181,BIJ,7,2022-03-08 01:24:00,2022-03-08 01:25:00,82
53181,THP,7,2022-03-08 01:29:00,2022-03-08 01:30:00,85
53181,BDZ,7,2022-03-08 01:36:00,2022-03-08 01:37:00,90
53181,KNJ,7,2022-03-08 02:00:00,2022-03-08 02:05:00,100
53181,BPD,7,2022-03-08 02:12:00,2022-03-08 02:13:00,107
53181,DHU,7,2022-03-08 02:19:00,2022-03-08 02:20:00,112
53181,MGM,7,2022-03-08 02:26:00,2022-03-08 02:27:00,118
53181,BTY,7,2022-03-08 02:36:00,2022-03-08 02:37:00,128
53181,SVH,7,2022-03-08 02:42:00,2022-03-08 02:43:00,132
53181,DEB,7,2022-03-08 02:51:00,2022-03-08 02:52:00,140
53181,PCX,7,2022-03-08 02:58:00,2022-03-08 02:59:00,144
53181,PLY,7,2022-03-08 03:05:00,2022-03-08 03:06:00,150
53181,REJ,7,2022-03-08 03:14:00,2022-03-08 03:15:00,159
53181,BEB,7,2022-03-08 03:24:00,2022-03-08 03:25:00,168
53181,BFT,7,2022-03-08 03:31:00,2022-03-08 03:32:00,174
53181,SGV,7,2022-03-08 03:37:00,2022-03-08 03:38:00,177
53181,BPC,7,2022-03-08 03:52:00,2022-03-08 03:53:00,186
53181,CSZ,7,2022-03-08 03:59:00,2022-03-08 04:00:00,190
53181,MBB,7,2022-03-08 04:08:00,2022-03-08 04:09:00,197
53181,JJG,7,2022-03-08 04:17:00,2022-03-08 04:18:00,204
53181,BQG,7,2022-03-08 04:28:00,2022-03-08 04:29:00,216
53181,PRTL,7,2022-03-08 04:34:00,2022-03-08 04:35:00,220
53181,KRP,7,2022-03-08 04:41:00,2022-03-08 04:42:00,226
53181,LGL,7,2022-03-08 05:00:00,2022-03-08 05:00:00,227
16865,MS,1,2022-03-01 22:55:00,2022-03-01 22:55:00,0
16865,MBM,1,2022-03-01 23:07:00,2022-03-01 23:08:00,7
16865,TBM,1,2022-03-01 23:28:00,2022-03-01 23:30:00,25
16865,CGL,1,2022-03-01 23:57:00,2022-03-01 23:59:00,56
16865,VM,1,2022-03-02 01:25:00,2022-03-02 01:30:00,159
16865,CDM,1,2022-03-02 03:33:00,2022-03-02 03:35:00,244
16865,MV,1,2022-03-02 04:13:00,2022-03-02 04:15:00,281
16865,KTM,1,2022-03-02 04:27:00,2022-03-02 04:28:00,289
16865,ADT,1,2022-03-02 04:40:00,2022-03-02 04:41:00,301
16865,KMU,1,2022-03-02 04:53:00,2022-03-02 04:55:00,312
16865,PML,1,2022-03-02 05:09:00,2022-03-02 05:10:00,326
16865,TJ,1,2022-03-02 06:00:00,2022-03-02 06:00:00,351
16865,MS,2,2022-03-02 22:55:00,2022-03-02 22:55:00,0
16865,MBM,2,2022-03-02 23:07:00,2022-03-02 23:08:00,7
16865,TBM,2,2022-03-02 23:28:00,2022-03-02 23:30:00,25
16865,CGL,2,2022-03-02 23:57:00,2022-03-02 23:59:00,56
16865,VM,2,2022-03-03 01:25:00,2022-03-03 01:30:00,159
16865,CDM,2,2022-03-03 03:33:00,2022-03-03 03:35:00,244
16865,MV,2,2022-03-03 04:13:00,2022-03-03 04:15:00,281
16865,KTM,2,2022-03-03 04:27:00,2022-03-03 04:28:00,289
16865,ADT,2,2022-03-03 04:40:00,2022-03-03 04:41:00,301
16865,KMU,2,2022-03-03 04:53:00,2022-03-03 04:55:00,312
16865,PML,2,2022-03-03 05:09:00,2022-03-03 05:10:00,326
16865,TJ,2,2022-03-03 06:00:00,2022-03-03 06:00:00,351
16865,MS,3,2022-03-03 22:55:00,2022-03-03 22:55:00,0
16865,MBM,3,2022-03-03 23:07:00,2022-03-03 23:08:00,7
16865,TBM,3,2022-03-03 23:28:00,2022-03-03 23:30:00,25
16865,CGL,3,2022-03-03 23:57:00,2022-03-03 23:59:00,56
16865,VM,3,2022-03-04 01:25:00,2022-03-04 01:30:00,159
16865,CDM,3,2022-03-04 03:33:00,2022-03-04 03:35:00,244
16865,MV,3,2022-03-04 04:13:00,2022-03-04 04:15:00,281
16865,KTM,3,2022-03-04 04:27:00,2022-03-04 04:28:00,289
16865,ADT,3,2022-03-04 04:40:00,2022-03-04 04:41:00,301
16865,KMU,3,2022-03-04 04:53:00,2022-03-04 04:55:00,312
16865,PML,3,2022-03-04 05:09:00,2022-03-04 05:10:00,326
16865,TJ,3,2022-03-04 06:00:00,2022-03-04 06:00:00,351
16865,MS,4,2022-03-04 22:55:00,2022-03-04 22:55:00,0
16865,MBM,4,2022-03-04 23:07:00,2022-03-04 23:08:00,7
16865,TBM,4,2022-03-04 23:28:00,2022-03-04 23:30:00,25
16865,CGL,4,2022-03-04 23:57:00,2022-03-04 23:59:00,56
16865,VM,4,2022-03-05 01:25:00,2022-03-05 01:30:00,159
16865,CDM,4,2022-03-05 03:33:00,2022-03-05 03:35:00,244
16865,MV,4,2022-03-05 04:13:00,2022-03-05 04:15:00,281
16865,KTM,4,2022-03-05 04:27:00,2022-03-05 04:28:00,289
16865,ADT,4,2022-03-05 04:40:00,2022-03-05 04:41:00,301
16865,KMU,4,2022-03-05 04:53:00,2022-03-05 04:55:00,312
16865,PML,4,2022-03-05 05:09:00,2022-03-05 05:10:00,326
16865,TJ,4,2022-03-05 06:00:00,2022-03-05 06:00:00,351
16865,MS,5,2022-03-05 22:55:00,2022-03-05 22:55:00,0
16865,MBM,5,2022-03-05 23:07:00,2022-03-05 23:08:00,7
16865,TBM,5,2022-03-05 23:28:00,2022-03-05 23:30:00,25
16865,CGL,5,2022-03-05 23:57:00,2022-03-05 23:59:00,56
16865,VM,5,2022-03-06 01:25:00,2022-03-06 01:30:00,159
16865,CDM,5,2022-03-06 03:33:00,2022-03-06 03:35:00,244
16865,MV,5,2022-03-06 04:13:00,2022-03-06 04:15:00,281
16865,KTM,5,2022-03-06 04:27:00,2022-03-06 04:28:00,289
16865,ADT,5,2022-03-06 04:40:00,2022-03-06 04:41:00,301
16865,KMU,5,2022-03-06 04:53:00,2022-03-06 04:55:00,312
16865,PML,5,2022-03-06 05:09:00,2022-03-06 05:10:00,326
16865,TJ,5,2022-03-06 06:00:00,2022-03-06 06:00:00,351
16865,MS,6,2022-03-06 22:55:00,2022-03-06 22:55:00,0
16865,MBM,6,2022-03-06 23:07:00,2022-03-06 23:08:00,7
16865,TBM,6,2022-03-06 23:28:00,2022-03-06 23:30:00,25
16865,CGL,6,2022-03-06 23:57:00,2022-03-06 23:59:00,56
16865,VM,6,2022-03-07 01:25:00,2022-03-07 01:30:00,159
16865,CDM,6,2022-03-07 03:33:00,2022-03-07 03:35:00,244
16865,MV,6,2022-03-07 04:13:00,2022-03-07 04:15:00,281
16865,KTM,6,2022-03-07 04:27:00,2022-03-07 04:28:00,289
16865,ADT,6,2022-03-07 04:40:00,2022-03-07 04:41:00,301
16865,KMU,6,2022-03-07 04:53:00,2022-03-07 04:55:00,312
16865,PML,6,2022-03-07 05:09:00,2022-03-07 05:10:00,326
16865,TJ,6,2022-03-07 06:00:00,2022-03-07 06:00:00,351
16865,MS,7,2022-03-07 22:55:00,2022-03-07 22:55:00,0
16865,MBM,7,2022-03-07 23:07:00,2022-03-07 23:08:00,7
16865,TBM,7,2022-03-07 23:28:00,2022-03-07 23:30:00,25
16865,CGL,7,2022-03-07 23:57:00,2022-03-07 23:59:00,56
16865,VM,7,2022-03-08 01:25:00,2022-03-08 01:30:00,159
16865,CDM,7,2022-03-08 03:33:00,2022-03-08 03:35:00,244
16865,MV,7,2022-03-08 04:13:00,2022-03-08 04:15:00,281
16865,KTM,7,2022-03-08 04:27:00,2022-03-08 04:28:00,289
16865,ADT,7,2022-03-08 04:40:00,2022-03-08 04:41:00,301
16865,KMU,7,2022-03-08 04:53:00,2022-03-08 04:55:00,312
16865,PML,7,2022-03-08 05:09:00,2022-03-08 05:10:00,326
16865,TJ,7,2022-03-08 06:00:00,2022-03-08 06:00:00,351
12057,NDLS,1,2022-03-01 14:35:00,2022-03-01 14:35:00,0
12057,SZM,1,2022-03-01 14:49:00,2022-03-01 14:51:00,4
12057,SNP,1,2022-03-01 15:20:00,2022-03-01 15:22:00,45
12057,PNP,1,2022-03-01 15:53:00,2022-03-01 15:55:00,90
12057,KUN,1,2022-03-01 16:19:00,2022-03-01 16:21:00,124
12057,KKDE,1,2022-03-01 16:44:00,2022-03-01 16:46:00,157
12057,UMB,1,2022-03-01 17:55:00,2022-03-01 18:22:00,199
12057,CDG,1,2022-03-01 19:05:00,2022-03-01 19:10:00,266
12057,SASN,1,2022-03-01 19:20:00,2022-03-01 19:22:00,278
12057,KARR,1,2022-03-01 19:35:00,2022-03-01 19:37:00,294
12057,MRND,1,2022-03-01 19:52:00,2022-03-01 19:54:00,313
12057,RPAR,1,2022-03-01 20:19:00,2022-03-01 20:22:00,338
12057,KART,1,2022-03-01 20:48:00,2022-03-01 20:50:00,365
12057,ANSB,1,2022-03-01 20:58:00,2022-03-01 21:00:00,373
12057,NLDM,1,2022-03-01 21:30:00,2022-03-01 21:40:00,393
12057,UHL,1,2022-03-01 22:10:00,2022-03-01 22:10:00,410
12057,NDLS,2,2022-03-02 14:35:00,2022-03-02 14:35:00,0
12057,SZM,2,2022-03-02 14:49:00,2022-03-02 14:51:00,4
12057,SNP,2,2022-03-02 15:20:00,2022-03-02 15:22:00,45
12057,PNP,2,2022-03-02 15:53:00,2022-03-02 15:55:00,90
12057,KUN,2,2022-03-02 16:19:00,2022-03-02 16:21:00,124
12057,KKDE,2,2022-03-02 16:44:00,2022-03-02 16:46:00,157
12057,UMB,2,2022-03-02 17:55:00,2022-03-02 18:22:00,199
12057,CDG,2,2022-03-02 19:05:00,2022-03-02 19:10:00,266
12057,SASN,2,2022-03-02 19:20:00,2022-03-02 19:22:00,278
12057,KARR,2,2022-03-02 19:35:00,2022-03-02 19:37:00,294
12057,MRND,2,2022-03-02 19:52:00,2022-03-02 19:54:00,313
12057,RPAR,2,2022-03-02 20:19:00,2022-03-02 20:22:00,338
12057,KART,2,2022-03-02 20:48:00,2022-03-02 20:50:00,365
12057,ANSB,2,2022-03-02 20:58:00,2022-03-02 21:00:00,373
12057,NLDM,2,2022-03-02 21:30:00,2022-03-02 21:40:00,393
12057,UHL,2,2022-03-02 22:10:00,2022-03-02 22:10:00,410
12057,NDLS,3,2022-03-03 14:35:00,2022-03-03 14:35:00,0
12057,SZM,3,2022-03-03 14:49:00,2022-03-03 14:51:00,4
12057,SNP,3,2022-03-03 15:20:00,2022-03-03 15:22:00,45
12057,PNP,3,2022-03-03 15:53:00,2022-03-03 15:55:00,90
12057,KUN,3,2022-03-03 16:19:00,2022-03-03 16:21:00,124
12057,KKDE,3,2022-03-03 16:44:00,2022-03-03 16:46:00,157
12057,UMB,3,2022-03-03 17:55:00,2022-03-03 18:22:00,199
12057,CDG,3,2022-03-03 19:05:00,2022-03-03 19:10:00,266
12057,SASN,3,2022-03-03 19:20:00,2022-03-03 19:22:00,278
12057,KARR,3,2022-03-03 19:35:00,2022-03-03 19:37:00,294
12057,MRND,3,2022-03-03 19:52:00,2022-03-03 19:54:00,313
12057,RPAR,3,2022-03-03 20:19:00,2022-03-03 20:22:00,338
12057,KART,3,2022-03-03 20:48:00,2022-03-03 20:50:00,365
12057,ANSB,3,2022-03-03 20:58:00,2022-03-03 21:00:00,373
12057,NLDM,3,2022-03-03 21:30:00,2022-03-03 21:40:00,393
12057,UHL,3,2022-03-03 22:10:00,2022-03-03 22:10:00,410
12057,NDLS,4,2022-03-04 14:35:00,2022-03-04 14:35:00,0
12057,SZM,4,2022-03-04 14:49:00,2022-03-04 14:51:00,4
12057,SNP,4,2022-03-04 15:20:00,2022-03-04 15:22:00,45
12057,PNP,4,2022-03-04 15:53:00,2022-03-04 15:55:00,90
12057,KUN,4,2022-03-04 16:19:00,2022-03-04 16:21:00,124
12057,KKDE,4,2022-03-04 16:44:00,2022-03-04 16:46:00,157
12057,UMB,4,2022-03-04 17:55:00,2022-03-04 18:22:00,199
12057,CDG,4,2022-03-04 19:05:00,2022-03-04 19:10:00,266
12057,SASN,4,2022-03-04 19:20:00,2022-03-04 19:22:00,278
12057,KARR,4,2022-03-04 19:35:00,2022-03-04 19:37:00,294
12057,MRND,4,2022-03-04 19:52:00,2022-03-04 19:54:00,313
12057,RPAR,4,2022-03-04 20:19:00,2022-03-04 20:22:00,338
12057,KART,4,2022-03-04 20:48:00,2022-03-04 20:50:00,365
12057,ANSB,4,2022-03-04 20:58:00,2022-03-04 21:00:00,373
12057,NLDM,4,2022-03-04 21:30:00,2022-03-04 21:40:00,393
12057,UHL,4,2022-03-04 22:10:00,2022-03-04 22:10:00,410
12057,NDLS,5,2022-03-05 14:35:00,2022-03-05 14:35:00,0
12057,SZM,5,2022-03-05 14:49:00,2022-03-05 14:51:00,4
12057,SNP,5,2022-03-05 15:20:00,2022-03-05 15:22:00,45
12057,PNP,5,2022-03-05 15:53:00,2022-03-05 15:55:00,90
12057,KUN,5,2022-03-05 16:19:00,2022-03-05 16:21:00,124
12057,KKDE,5,2022-03-05 16:44:00,2022-03-05 16:46:00,157
12057,UMB,5,2022-03-05 17:55:00,2022-03-05 18:22:00,199
12057,CDG,5,2022-03-05 19:05:00,2022-03-05 19:10:00,266
12057,SASN,5,2022-03-05 19:20:00,2022-03-05 19:22:00,278
12057,KARR,5,2022-03-05 19:35:00,2022-03-05 19:37:00,294
12057,MRND,5,2022-03-05 19:52:00,2022-03-05 19:54:00,313
12057,RPAR,5,2022-03-05 20:19:00,2022-03-05 20:22:00,338
12057,KART,5,2022-03-05 20:48:00,2022-03-05 20:50:00,365
12057,ANSB,5,2022-03-05 20:58:00,2022-03-05 21:00:00,373
12057,NLDM,5,2022-03-05 21:30:00,2022-03-05 21:40:00,393
12057,UHL,5,2022-03-05 22:10:00,2022-03-05 22:10:00,410
12057,NDLS,6,2022-03-06 14:35:00,2022-03-06 14:35:00,0
12057,SZM,6,2022-03-06 14:49:00,2022-03-06 14:51:00,4
12057,SNP,6,2022-03-06 15:20:00,2022-03-06 15:22:00,45
12057,PNP,6,2022-03-06 15:53:00,2022-03-06 15:55:00,90
12057,KUN,6,2022-03-06 16:19:00,2022-03-06 16:21:00,124
12057,KKDE,6,2022-03-06 16:44:00,2022-03-06 16:46:00,157
12057,UMB,6,2022-03-06 17:55:00,2022-03-06 18:22:00,199
12057,CDG,6,2022-03-06 19:05:00,2022-03-06 19:10:00,266
12057,SASN,6,2022-03-06 19:20:00,2022-03-06 19:22:00,278
12057,KARR,6,2022-03-06 19:35:00,2022-03-06 19:37:00,294
12057,MRND,6,2022-03-06 19:52:00,2022-03-06 19:54:00,313
12057,RPAR,6,2022-03-06 20:19:00,2022-03-06 20:22:00,338
12057,KART,6,2022-03-06 20:48:00,2022-03-06 20:50:00,365
12057,ANSB,6,2022-03-06 20:58:00,2022-03-06 21:00:00,373
12057,NLDM,6,2022-03-06 21:30:00,2022-03-06 21:40:00,393
12057,UHL,6,2022-03-06 22:10:00,2022-03-06 22:10:00,410
12057,NDLS,7,2022-03-07 14:35:00,2022-03-07 14:35:00,0
12057,SZM,7,2022-03-07 14:49:00,2022-03-07 14:51:00,4
12057,SNP,7,2022-03-07 15:20:00,2022-03-07 15:22:00,45
12057,PNP,7,2022-03-07 15:53:00,2022-03-07 15:55:00,90
12057,KUN,7,2022-03-07 16:19:00,2022-03-07 16:21:00,124
12057,KKDE,7,2022-03-07 16:44:00,2022-03-07 16:46:00,157
12057,UMB,7,2022-03-07 17:55:00,2022-03-07 18:22:00,199
12057,CDG,7,2022-03-07 19:05:00,2022-03-07 19:10:00,266
12057,SASN,7,2022-03-07 19:20:00,2022-03-07 19:22:00,278
12057,KARR,7,2022-03-07 19:35:00,2022-03-07 19:37:00,294
12057,MRND,7,2022-03-07 19:52:00,2022-03-07 19:54:00,313
12057,RPAR,7,2022-03-07 20:19:00,2022-03-07 20:22:00,338
12057,KART,7,2022-03-07 20:48:00,2022-03-07 20:50:00,365
12057,ANSB,7,2022-03-07 20:58:00,2022-03-07 21:00:00,373
12057,NLDM,7,2022-03-07 21:30:00,2022-03-07 21:40:00,393
12057,UHL,7,2022-03-07 22:10:00,2022-03-07 22:10:00,410
15273,RXL,1,2022-03-01 08:30:00,2022-03-01 08:30:00,0
15273,RGH,1,2022-03-01 08:41:00,2022-03-01 08:43:00,15
15273,SGL,1,2022-03-01 09:00:00,2022-03-01 09:02:00,30
15273,MJL,1,2022-03-01 09:17:00,2022-03-01 09:19:00,43
15273,BTH,1,2022-03-01 09:27:00,2022-03-01 09:30:00,52
15273,CAI,1,2022-03-01 09:49:00,2022-03-01 09:51:00,69
15273,NKE,1,2022-03-01 10:15:00,2022-03-01 10:20:00,88
15273,HIR,1,2022-03-01 10:40:00,2022-03-01 10:42:00,104
15273,BRU,1,2022-03-01 10:52:00,2022-03-01 10:54:00,112
15273,BUG,1,2022-03-01 11:06:00,2022-03-01 11:09:00,130
15273,PNYA,1,2022-03-01 12:56:00,2022-03-01 12:58:00,152
15273,KZA,1,2022-03-01 13:12:00,2022-03-01 13:14:00,159
15273,SBZ,1,2022-03-01 13:31:00,2022-03-01 13:33:00,173
15273,GH,1,2022-03-01 13:46:00,2022-03-01 13:48:00,185
15273,CPJ,1,2022-03-01 14:05:00,2022-03-01 14:10:00,199
15273,PPC,1,2022-03-01 14:28:00,2022-03-01 14:30:00,219
15273,GKP,1,2022-03-01 15:25:00,2022-03-01 15:40:00,238
15273,KLD,1,2022-03-01 16:18:00,2022-03-01 16:20:00,273
15273,BST,1,2022-03-01 16:49:00,2022-03-01 16:52:00,303
15273,BV,1,2022-03-01 17:18:00,2022-03-01 17:20:00,333
15273,MSW,1,2022-03-01 17:40:00,2022-03-01 17:42:00,349
15273,MUR,1,2022-03-01 17:56:00,2022-03-01 17:58:00,364
15273,GD,1,2022-03-01 18:40:00,2022-03-01 18:50:00,392
15273,CLJ,1,2022-03-01 19:14:00,2022-03-01 19:16:00,421
15273,JLD,1,2022-03-01 19:32:00,2022-03-01 19:34:00,438
15273,BUW,1,2022-03-01 19:58:00,2022-03-01 20:03:00,453
15273,TSF,1,2022-03-01 20:24:00,2022-03-01 20:26:00,475
15273,MMB,1,2022-03-01 20:52:00,2022-03-01 20:54:00,491
15273,BVN,1,2022-03-01 21:26:00,2022-03-01 21:28:00,517
15273,STP,1,2022-03-01 22:43:00,2022-03-01 22:53:00,551
15273,SPC,1,2022-03-01 23:20:00,2022-03-01 23:25:00,555
15273,ROZA,1,2022-03-02 00:55:00,2022-03-02 01:00:00,635
15273,SPN,1,2022-03-02 01:09:00,2022-03-02 01:11:00,642
15273,BE,1,2022-03-02 02:23:00,2022-03-02 02:28:00,713
15273,RMU,1,2022-03-02 03:19:00,2022-03-02 03:21:00,776
15273,MB,1,2022-03-02 04:07:00,2022-03-02 04:15:00,803
15273,AMRO,1,2022-03-02 04:43:00,2022-03-02 04:45:00,834
15273,GJL,1,2022-03-02 05:08:00,2022-03-02 05:10:00,857
15273,GMS,1,2022-03-02 05:30:00,2022-03-02 05:32:00,878
15273,HPU,1,2022-03-02 07:03:00,2022-03-02 07:05:00,907
15273,PKW,1,2022-03-02 07:21:00,2022-03-02 07:23:00,919
15273,GZB,1,2022-03-02 08:14:00,2022-03-02 08:16:00,944
15273,SBB,1,2022-03-02 08:31:00,2022-03-02 08:33:00,951
15273,ANVT,1,2022-03-02 09:00:00,2022-03-02 09:00:00,957
15273,RXL,2,2022-03-02 08:30:00,2022-03-02 08:30:00,0
15273,RGH,2,2022-03-02 08:41:00,2022-03-02 08:43:00,15
15273,SGL,2,2022-03-02 09:00:00,2022-03-02 09:02:00,30
15273,MJL,2,2022-03-02 09:17:00,2022-03-02 09:19:00,43
15273,BTH,2,2022-03-02 09:27:00,2022-03-02 09:30:00,52
15273,CAI,2,2022-03-02 09:49:00,2022-03-02 09:51:00,69
15273,NKE,2,2022-03-02 10:15:00,2022-03-02 10:20:00,88
15273,HIR,2,2022-03-02 10:40:00,2022-03-02 10:42:00,104
15273,BRU,2,2022-03-02 10:52:00,2022-03-02 10:54:00,112
15273,BUG,2,2022-03-02 11:06:00,2022-03-02 11:09:00,130
15273,PNYA,2,2022-03-02 12:56:00,2022-03-02 12:58:00,152
15273,KZA,2,2022-03-02 13:12:00,2022-03-02 13:14:00,159
15273,SBZ,2,2022-03-02 13:31:00,2022-03-02 13:33:00,173
15273,GH,2,2022-03-02 13:46:00,2022-03-02 13:48:00,185
15273,CPJ,2,2022-03-02 14:05:00,2022-03-02 14:10:00,199
15273,PPC,2,2022-03-02 14:28:00,2022-03-02 14:30:00,219
15273,GKP,2,2022-03-02 15:25:00,2022-03-02 15:40:00,238
15273,KLD,2,2022-03-02 16:18:00,2022-03-02 16:20:00,273
15273,BST,2,2022-03-02 16:49:00,2022-03-02 16:52:00,303
15273,BV,2,2022-03-02 17:18:00,2022-03-02 17:20:00,333
15273,MSW,2,2022-03-02 17:40:00,2022-03-02 17:42:00,349
15273,MUR,2,2022-03-02 17:56:00,2022-03-02 17:58:00,364
15273,GD,2,2022-03-02 18:40:00,2022-03-02 18:50:00,392
15273,CLJ,2,2022-03-02 19:14:00,2022-03-02 19:16:00,421
15273,JLD,2,2022-03-02 19:32:00,2022-03-02 19:34:00,438
15273,BUW,2,2022-03-02 19:58:00,2022-03-02 20:03:00,453
15273,TSF,2,2022-03-02 20:24:00,2022-03-02 20:26:00,475
15273,MMB,2,2022-03-02 20:52:00,2022-03-02 20:54:00,491
15273,BVN,2,2022-03-02 21:26:00,2022-03-02 21:28:00,517
15273,STP,2,2022-03-02 22:43:00,2022-03-02 22:53:00,551
15273,SPC,2,2022-03-02 23:20:00,2022-03-02 23:25:00,555
15273,ROZA,2,2022-03-03 00:55:00,2022-03-03 01:00:00,635
15273,SPN,2,2022-03-03 01:09:00,2022-03-03 01:11:00,642
15273,BE,2,2022-03-03 02:23:00,2022-03-03 02:28:00,713
15273,RMU,2,2022-03-03 03:19:00,2022-03-03 03:21:00,776
15273,MB,2,2022-03-03 04:07:00,2022-03-03 04:15:00,803
15273,AMRO,2,2022-03-03 04:43:00,2022-03-03 04:45:00,834
15273,GJL,2,2022-03-03 05:08:00,2022-03-03 05:10:00,857
15273,GMS,2,2022-03-03 05:30:00,2022-03-03 05:32:00,878
15273,HPU,2,2022-03-03 07:03:00,2022-03-03 07:05:00,907
15273,PKW,2,2022-03-03 07:21:00,2022-03-03 07:23:00,919
15273,GZB,2,2022-03-03 08:14:00,2022-03-03 08:16:00,944
15273,SBB,2,2022-03-03 08:31:00,2022-03-03 08:33:00,951
15273,ANVT,2,2022-03-03 09:00:00,2022-03-03 09:00:00,957
15273,RXL,3,2022-03-03 08:30:00,2022-03-03 08:30:00,0
15273,RGH,3,2022-03-03 08:41:00,2022-03-03 08:43:00,15
15273,SGL,3,2022-03-03 09:00:00,2022-03-03 09:02:00,30
15273,MJL,3,2022-03-03 09:17:00,2022-03-03 09:19:00,43
15273,BTH,3,2022-03-03 09:27:00,2022-03-03 09:30:00,52
15273,CAI,3,2022-03-03 09:49:00,2022-03-03 09:51:00,69
15273,NKE,3,2022-03-03 10:15:00,2022-03-03 10:20:00,88
15273,HIR,3,2022-03-03 10:40:00,2022-03-03 10:42:00,104
15273,BRU,3,2022-03-03 10:52:00,2022-03-03 10:54:00,112
15273,BUG,3,2022-03-03 11:06:00,2022-03-03 11:09:00,130
15273,PNYA,3,2022-03-03 12:56:00,2022-03-03 12:58:00,152
15273,KZA,3,2022-03-03 13:12:00,2022-03-03 13:14:00,159
15273,SBZ,3,2022-03-03 13:31:00,2022-03-03 13:33:00,173
15273,GH,3,2022-03-03 13:46:00,2022-03-03 13:48:00,185
15273,CPJ,3,2022-03-03 14:05:00,2022-03-03 14:10:00,199
15273,PPC,3,2022-03-03 14:28:00,2022-03-03 14:30:00,219
15273,GKP,3,2022-03-03 15:25:00,2022-03-03 15:40:00,238
15273,KLD,3,2022-03-03 16:18:00,2022-03-03 16:20:00,273
15273,BST,3,2022-03-03 16:49:00,2022-03-03 16:52:00,303
15273,BV,3,2022-03-03 17:18:00,2022-03-03 17:20:00,333
15273,MSW,3,2022-03-03 17:40:00,2022-03-03 17:42:00,349
15273,MUR,3,2022-03-03 17:56:00,2022-03-03 17:58:00,364
15273,GD,3,2022-03-03 18:40:00,2022-03-03 18:50:00,392
15273,CLJ,3,2022-03-03 19:14:00,2022-03-03 19:16:00,421
15273,JLD,3,2022-03-03 19:32:00,2022-03-03 19:34:00,438
15273,BUW,3,2022-03-03 19:58:00,2022-03-03 20:03:00,453
15273,TSF,3,2022-03-03 20:24:00,2022-03-03 20:26:00,475
15273,MMB,3,2022-03-03 20:52:00,2022-03-03 20:54:00,491
15273,BVN,3,2022-03-03 21:26:00,2022-03-03 21:28:00,517
15273,STP,3,2022-03-03 22:43:00,2022-03-03 22:53:00,551
15273,SPC,3,2022-03-03 23:20:00,2022-03-03 23:25:00,555
15273,ROZA,3,2022-03-04 00:55:00,2022-03-04 01:00:00,635
15273,SPN,3,2022-03-04 01:09:00,2022-03-04 01:11:00,642
15273,BE,3,2022-03-04 02:23:00,2022-03-04 02:28:00,713
15273,RMU,3,2022-03-04 03:19:00,2022-03-04 03:21:00,776
15273,MB,3,2022-03-04 04:07:00,2022-03-04 04:15:00,803
15273,AMRO,3,2022-03-04 04:43:00,2022-03-04 04:45:00,834
15273,GJL,3,2022-03-04 05:08:00,2022-03-04 05:10:00,857
15273,GMS,3,2022-03-04 05:30:00,2022-03-04 05:32:00,878
15273,HPU,3,2022-03-04 07:03:00,2022-03-04 07:05:00,907
15273,PKW,3,2022-03-04 07:21:00,2022-03-04 07:23:00,919
15273,GZB,3,2022-03-04 08:14:00,2022-03-04 08:16:00,944
15273,SBB,3,2022-03-04 08:31:00,2022-03-04 08:33:00,951
15273,ANVT,3,2022-03-04 09:00:00,2022-03-04 09:00:00,957
15273,RXL,4,2022-03-04 08:30:00,2022-03-04 08:30:00,0
15273,RGH,4,2022-03-04 08:41:00,2022-03-04 08:43:00,15
15273,SGL,4,2022-03-04 09:00:00,2022-03-04 09:02:00,30
15273,MJL,4,2022-03-04 09:17:00,2022-03-04 09:19:00,43
15273,BTH,4,2022-03-04 09:27:00,2022-03-04 09:30:00,52
15273,CAI,4,2022-03-04 09:49:00,2022-03-04 09:51:00,69
15273,NKE,4,2022-03-04 10:15:00,2022-03-04 10:20:00,88
15273,HIR,4,2022-03-04 10:40:00,2022-03-04 10:42:00,104
15273,BRU,4,2022-03-04 10:52:00,2022-03-04 10:54:00,112
15273,BUG,4,2022-03-04 11:06:00,2022-03-04 11:09:00,130
15273,PNYA,4,2022-03-04 12:56:00,2022-03-04 12:58:00,152
15273,KZA,4,2022-03-04 13:12:00,2022-03-04 13:14:00,159
15273,SBZ,4,2022-03-04 13:31:00,2022-03-04 13:33:00,173
15273,GH,4,2022-03-04 13:46:00,2022-03-04 13:48:00,185
15273,CPJ,4,2022-03-04 14:05:00,2022-03-04 14:10:00,199
15273,PPC,4,2022-03-04 14:28:00,2022-03-04 14:30:00,219
15273,GKP,4,2022-03-04 15:25:00,2022-03-04 15:40:00,238
15273,KLD,4,2022-03-04 16:18:00,2022-03-04 16:20:00,273
15273,BST,4,2022-03-04 16:49:00,2022-03-04 16:52:00,303
15273,BV,4,2022-03-04 17:18:00,2022-03-04 17:20:00,333
15273,MSW,4,2022-03-04 17:40:00,2022-03-04 17:42:00,349
15273,MUR,4,2022-03-04 17:56:00,2022-03-04 17:58:00,364
15273,GD,4,2022-03-04 18:40:00,2022-03-04 18:50:00,392
15273,CLJ,4,2022-03-04 19:14:00,2022-03-04 19:16:00,421
15273,JLD,4,2022-03-04 19:32:00,2022-03-04 19:34:00,438
15273,BUW,4,2022-03-04 19:58:00,2022-03-04 20:03:00,453
15273,TSF,4,2022-03-04 20:24:00,2022-03-04 20:26:00,475
15273,MMB,4,2022-03-04 20:52:00,2022-03-04 20:54:00,491
15273,BVN,4,2022-03-04 21:26:00,2022-03-04 21:28:00,517
15273,STP,4,2022-03-04 22:43:00,2022-03-04 22:53:00,551
15273,SPC,4,2022-03-04 23:20:00,2022-03-04 23:25:00,555
15273,ROZA,4,2022-03-05 00:55:00,2022-03-05 01:00:00,635
15273,SPN,4,2022-03-05 01:09:00,2022-03-05 01:11:00,642
15273,BE,4,2022-03-05 02:23:00,2022-03-05 02:28:00,713
15273,RMU,4,2022-03-05 03:19:00,2022-03-05 03:21:00,776
15273,MB,4,2022-03-05 04:07:00,2022-03-05 04:15:00,803
15273,AMRO,4,2022-03-05 04:43:00,2022-03-05 04:45:00,834
15273,GJL,4,2022-03-05 05:08:00,2022-03-05 05:10:00,857
15273,GMS,4,2022-03-05 05:30:00,2022-03-05 05:32:00,878
15273,HPU,4,2022-03-05 07:03:00,2022-03-05 07:05:00,907
15273,PKW,4,2022-03-05 07:21:00,2022-03-05 07:23:00,919
15273,GZB,4,2022-03-05 08:14:00,2022-03-05 08:16:00,944
15273,SBB,4,2022-03-05 08:31:00,2022-03-05 08:33:00,951
15273,ANVT,4,2022-03-05 09:00:00,2022-03-05 09:00:00,957
15273,RXL,5,2022-03-05 08:30:00,2022-03-05 08:30:00,0
15273,RGH,5,2022-03-05 08:41:00,2022-03-05 08:43:00,15
15273,SGL,5,2022-03-05 09:00:00,2022-03-05 09:02:00,30
15273,MJL,5,2022-03-05 09:17:00,2022-03-05 09:19:00,43
15273,BTH,5,2022-03-05 09:27:00,2022-03-05 09:30:00,52
15273,CAI,5,2022-03-05 09:49:00,2022-03-05 09:51:00,69
15273,NKE,5,2022-03-05 10:15:00,2022-03-05 10:20:00,88
15273,HIR,5,2022-03-05 10:40:00,2022-03-05 10:42:00,104
15273,BRU,5,2022-03-05 10:52:00,2022-03-05 10:54:00,112
15273,BUG,5,2022-03-05 11:06:00,2022-03-05 11:09:00,130
15273,PNYA,5,2022-03-05 12:56:00,2022-03-05 12:58:00,152
15273,KZA,5,2022-03-05 13:12:00,2022-03-05 13:14:00,159
15273,SBZ,5,2022-03-05 13:31:00,2022-03-05 13:33:00,173
15273,GH,5,2022-03-05 13:46:00,2022-03-05 13:48:00,185
15273,CPJ,5,2022-03-05 14:05:00,2022-03-05 14:10:00,199
15273,PPC,5,2022-03-05 14:28:00,2022-03-05 14:30:00,219
15273,GKP,5,2022-03-05 15:25:00,2022-03-05 15:40:00,238
15273,KLD,5,2022-03-05 16:18:00,2022-03-05 16:20:00,273
15273,BST,5,2022-03-05 16:49:00,2022-03-05 16:52:00,303
15273,BV,5,2022-03-05 17:18:00,2022-03-05 17:20:00,333
15273,MSW,5,2022-03-05 17:40:00,2022-03-05 17:42:00,349
15273,MUR,5,2022-03-05 17:56:00,2022-03-05 17:58:00,364
15273,GD,5,2022-03-05 18:40:00,2022-03-05 18:50:00,392
15273,CLJ,5,2022-03-05 19:14:00,2022-03-05 19:16:00,421
15273,JLD,5,2022-03-05 19:32:00,2022-03-05 19:34:00,438
15273,BUW,5,2022-03-05 19:58:00,2022-03-05 20:03:00,453
15273,TSF,5,2022-03-05 20:24:00,2022-03-05 20:26:00,475
15273,MMB,5,2022-03-05 20:52:00,2022-03-05 20:54:00,491
15273,BVN,5,2022-03-05 21:26:00,2022-03-05 21:28:00,517
15273,STP,5,2022-03-05 22:43:00,2022-03-05 22:53:00,551
15273,SPC,5,2022-03-05 23:20:00,2022-03-05 23:25:00,555
15273,ROZA,5,2022-03-06 00:55:00,2022-03-06 01:00:00,635
15273,SPN,5,2022-03-06 01:09:00,2022-03-06 01:11:00,642
15273,BE,5,2022-03-06 02:23:00,2022-03-06 02:28:00,713
15273,RMU,5,2022-03-06 03:19:00,2022-03-06 03:21:00,776
15273,MB,5,2022-03-06 04:07:00,2022-03-06 04:15:00,803
15273,AMRO,5,2022-03-06 04:43:00,2022-03-06 04:45:00,834
15273,GJL,5,2022-03-06 05:08:00,2022-03-06 05:10:00,857
15273,GMS,5,2022-03-06 05:30:00,2022-03-06 05:32:00,878
15273,HPU,5,2022-03-06 07:03:00,2022-03-06 07:05:00,907
15273,PKW,5,2022-03-06 07:21:00,2022-03-06 07:23:00,919
15273,GZB,5,2022-03-06 08:14:00,2022-03-06 08:16:00,944
15273,SBB,5,2022-03-06 08:31:00,2022-03-06 08:33:00,951
15273,ANVT,5,2022-03-06 09:00:00,2022-03-06 09:00:00,957
15273,RXL,6,2022-03-06 08:30:00,2022-03-06 08:30:00,0
15273,RGH,6,2022-03-06 08:41:00,2022-03-06 08:43:00,15
15273,SGL,6,2022-03-06 09:00:00,2022-03-06 09:02:00,30
15273,MJL,6,2022-03-06 09:17:00,2022-03-06 09:19:00,43
15273,BTH,6,2022-03-06 09:27:00,2022-03-06 09:30:00,52
15273,CAI,6,2022-03-06 09:49:00,2022-03-06 09:51:00,69
15273,NKE,6,2022-03-06 10:15:00,2022-03-06 10:20:00,88
15273,HIR,6,2022-03-06 10:40:00,2022-03-06 10:42:00,104
15273,BRU,6,2022-03-06 10:52:00,2022-03-06 10:54:00,112
15273,BUG,6,2022-03-06 11:06:00,2022-03-06 11:09:00,130
15273,PNYA,6,2022-03-06 12:56:00,2022-03-06 12:58:00,152
15273,KZA,6,2022-03-06 13:12:00,2022-03-06 13:14:00,159
15273,SBZ,6,2022-03-06 13:31:00,2022-03-06 13:33:00,173
15273,GH,6,2022-03-06 13:46:00,2022-03-06 13:48:00,185
15273,CPJ,6,2022-03-06 14:05:00,2022-03-06 14:10:00,199
15273,PPC,6,2022-03-06 14:28:00,2022-03-06 14:30:00,219
15273,GKP,6,2022-03-06 15:25:00,2022-03-06 15:40:00,238
15273,KLD,6,2022-03-06 16:18:00,2022-03-06 16:20:00,273
15273,BST,6,2022-03-06 16:49:00,2022-03-06 16:52:00,303
15273,BV,6,2022-03-06 17:18:00,2022-03-06 17:20:00,333
15273,MSW,6,2022-03-06 17:40:00,2022-03-06 17:42:00,349
15273,MUR,6,2022-03-06 17:56:00,2022-03-06 17:58:00,364
15273,GD,6,2022-03-06 18:40:00,2022-03-06 18:50:00,392
15273,CLJ,6,2022-03-06 19:14:00,2022-03-06 19:16:00,421
15273,JLD,6,2022-03-06 19:32:00,2022-03-06 19:34:00,438
15273,BUW,6,2022-03-06 19:58:00,2022-03-06 20:03:00,453
15273,TSF,6,2022-03-06 20:24:00,2022-03-06 20:26:00,475
15273,MMB,6,2022-03-06 20:52:00,2022-03-06 20:54:00,491
15273,BVN,6,2022-03-06 21:26:00,2022-03-06 21:28:00,517
15273,STP,6,2022-03-06 22:43:00,2022-03-06 22:53:00,551
15273,SPC,6,2022-03-06 23:20:00,2022-03-06 23:25:00,555
15273,ROZA,6,2022-03-07 00:55:00,2022-03-07 01:00:00,635
15273,SPN,6,2022-03-07 01:09:00,2022-03-07 01:11:00,642
15273,BE,6,2022-03-07 02:23:00,2022-03-07 02:28:00,713
15273,RMU,6,2022-03-07 03:19:00,2022-03-07 03:21:00,776
15273,MB,6,2022-03-07 04:07:00,2022-03-07 04:15:00,803
15273,AMRO,6,2022-03-07 04:43:00,2022-03-07 04:45:00,834
15273,GJL,6,2022-03-07 05:08:00,2022-03-07 05:10:00,857
15273,GMS,6,2022-03-07 05:30:00,2022-03-07 05:32:00,878
15273,HPU,6,2022-03-07 07:03:00,2022-03-07 07:05:00,907
15273,PKW,6,2022-03-07 07:21:00,2022-03-07 07:23:00,919
15273,GZB,6,2022-03-07 08:14:00,2022-03-07 08:16:00,944
15273,SBB,6,2022-03-07 08:31:00,2022-03-07 08:33:00,951
15273,ANVT,6,2022-03-07 09:00:00,2022-03-07 09:00:00,957
15273,RXL,7,2022-03-07 08:30:00,2022-03-07 08:30:00,0
15273,RGH,7,2022-03-07 08:41:00,2022-03-07 08:43:00,15
15273,SGL,7,2022-03-07 09:00:00,2022-03-07 09:02:00,30
15273,MJL,7,2022-03-07 09:17:00,2022-03-07 09:19:00,43
15273,BTH,7,2022-03-07 09:27:00,2022-03-07 09:30:00,52
15273,CAI,7,2022-03-07 09:49:00,2022-03-07 09:51:00,69
15273,NKE,7,2022-03-07 10:15:00,2022-03-07 10:20:00,88
15273,HIR,7,2022-03-07 10:40:00,2022-03-07 10:42:00,104
15273,BRU,7,2022-03-07 10:52:00,2022-03-07 10:54:00,112
15273,BUG,7,2022-03-07 11:06:00,2022-03-07 11:09:00,130
15273,PNYA,7,2022-03-07 12:56:00,2022-03-07 12:58:00,152
15273,KZA,7,2022-03-07 13:12:00,2022-03-07 13:14:00,159
15273,SBZ,7,2022-03-07 13:31:00,2022-03-07 13:33:00,173
15273,GH,7,2022-03-07 13:46:00,2022-03-07 13:48:00,185
15273,CPJ,7,2022-03-07 14:05:00,2022-03-07 14:10:00,199
15273,PPC,7,2022-03-07 14:28:00,2022-03-07 14:30:00,219
15273,GKP,7,2022-03-07 15:25:00,2022-03-07 15:40:00,238
15273,KLD,7,2022-03-07 16:18:00,2022-03-07 16:20:00,273
15273,BST,7,2022-03-07 16:49:00,2022-03-07 16:52:00,303
15273,BV,7,2022-03-07 17:18:00,2022-03-07 17:20:00,333
15273,MSW,7,2022-03-07 17:40:00,2022-03-07 17:42:00,349
15273,MUR,7,2022-03-07 17:56:00,2022-03-07 17:58:00,364
15273,GD,7,2022-03-07 18:40:00,2022-03-07 18:50:00,392
15273,CLJ,7,2022-03-07 19:14:00,2022-03-07 19:16:00,421
15273,JLD,7,2022-03-07 19:32:00,2022-03-07 19:34:00,438
15273,BUW,7,2022-03-07 19:58:00,2022-03-07 20:03:00,453
15273,TSF,7,2022-03-07 20:24:00,2022-03-07 20:26:00,475
15273,MMB,7,2022-03-07 20:52:00,2022-03-07 20:54:00,491
15273,BVN,7,2022-03-07 21:26:00,2022-03-07 21:28:00,517
15273,STP,7,2022-03-07 22:43:00,2022-03-07 22:53:00,551
15273,SPC,7,2022-03-07 23:20:00,2022-03-07 23:25:00,555
15273,ROZA,7,2022-03-08 00:55:00,2022-03-08 01:00:00,635
15273,SPN,7,2022-03-08 01:09:00,2022-03-08 01:11:00,642
15273,BE,7,2022-03-08 02:23:00,2022-03-08 02:28:00,713
15273,RMU,7,2022-03-08 03:19:00,2022-03-08 03:21:00,776
15273,MB,7,2022-03-08 04:07:00,2022-03-08 04:15:00,803
15273,AMRO,7,2022-03-08 04:43:00,2022-03-08 04:45:00,834
15273,GJL,7,2022-03-08 05:08:00,2022-03-08 05:10:00,857
15273,GMS,7,2022-03-08 05:30:00,2022-03-08 05:32:00,878
15273,HPU,7,2022-03-08 07:03:00,2022-03-08 07:05:00,907
15273,PKW,7,2022-03-08 07:21:00,2022-03-08 07:23:00,919
15273,GZB,7,2022-03-08 08:14:00,2022-03-08 08:16:00,944
15273,SBB,7,2022-03-08 08:31:00,2022-03-08 08:33:00,951
15273,ANVT,7,2022-03-08 09:00:00,2022-03-08 09:00:00,957
11123,GWL,1,2022-03-01 12:05:00,2022-03-01 12:05:00,0
11123,DBA,1,2022-03-01 12:40:00,2022-03-01 12:42:00,43
11123,DAA,1,2022-03-01 13:08:00,2022-03-01 13:10:00,73
11123,VGLB,1,2022-03-01 13:40:00,2022-03-01 14:00:00,98
11123,ORAI,1,2022-03-01 15:08:00,2022-03-01 15:10:00,211
11123,KPI,1,2022-03-01 15:40:00,2022-03-01 15:42:00,245
11123,PHN,1,2022-03-01 16:00:00,2022-03-01 16:02:00,259
11123,CNB,1,2022-03-01 18:50:00,2022-03-01 19:00:00,317
11123,ON,1,2022-03-01 19:30:00,2022-03-01 19:32:00,335
11123,LKO,1,2022-03-01 20:35:00,2022-03-01 20:45:00,391
11123,BBK,1,2022-03-01 21:28:00,2022-03-01 21:30:00,419
11123,BUW,1,2022-03-01 21:54:00,2022-03-01 21:56:00,447
11123,CLJ,1,2022-03-01 22:24:00,2022-03-01 22:26:00,479
11123,GD,1,2022-03-01 23:05:00,2022-03-01 23:10:00,508
11123,MUR,1,2022-03-01 23:32:00,2022-03-01 23:34:00,536
11123,MSW,1,2022-03-01 23:48:00,2022-03-01 23:50:00,550
11123,BST,1,2022-03-02 00:34:00,2022-03-02 00:37:00,597
11123,KLD,1,2022-03-02 00:59:00,2022-03-02 01:01:00,627
11123,GKP,1,2022-03-02 02:00:00,2022-03-02 02:10:00,661
11123,DEOS,1,2022-03-02 03:10:00,2022-03-02 03:15:00,711
11123,BTT,1,2022-03-02 03:40:00,2022-03-02 03:45:00,732
11123,BTK,1,2022-03-02 04:03:00,2022-03-02 04:05:00,753
11123,MW,1,2022-03-02 04:14:00,2022-03-02 04:16:00,759
11123,SV,1,2022-03-02 04:40:00,2022-03-02 04:45:00,781
11123,DDA,1,2022-03-02 05:01:00,2022-03-02 05:03:00,798
11123,CPR,1,2022-03-02 06:30:00,2022-03-02 06:40:00,841
11123,DGA,1,2022-03-02 07:26:00,2022-03-02 07:28:00,872
11123,SEE,1,2022-03-02 08:00:00,2022-03-02 08:05:00,895
11123,HJP,1,2022-03-02 08:15:00,2022-03-02 08:20:00,901
11123,BNR,1,2022-03-02 08:39:00,2022-03-02 08:41:00,920
11123,MFP,1,2022-03-02 09:20:00,2022-03-02 09:25:00,954
11123,DOL,1,2022-03-02 09:46:00,2022-03-02 09:48:00,979
11123,KRBP,1,2022-03-02 10:08:00,2022-03-02 10:10:00,993
11123,SPJ,1,2022-03-02 10:50:00,2022-03-02 10:55:00,1006
11123,DSS,1,2022-03-02 11:17:00,2022-03-02 11:19:00,1029
11123,BJU,1,2022-03-02 12:50:00,2022-03-02 12:50:00,1057
11123,GWL,2,2022-03-02 12:05:00,2022-03-02 12:05:00,0
11123,DBA,2,2022-03-02 12:40:00,2022-03-02 12:42:00,43
11123,DAA,2,2022-03-02 13:08:00,2022-03-02 13:10:00,73
11123,VGLB,2,2022-03-02 13:40:00,2022-03-02 14:00:00,98
11123,ORAI,2,2022-03-02 15:08:00,2022-03-02 15:10:00,211
11123,KPI,2,2022-03-02 15:40:00,2022-03-02 15:42:00,245
11123,PHN,2,2022-03-02 16:00:00,2022-03-02 16:02:00,259
11123,CNB,2,2022-03-02 18:50:00,2022-03-02 19:00:00,317
11123,ON,2,2022-03-02 19:30:00,2022-03-02 19:32:00,335
11123,LKO,2,2022-03-02 20:35:00,2022-03-02 20:45:00,391
11123,BBK,2,2022-03-02 21:28:00,2022-03-02 21:30:00,419
11123,BUW,2,2022-03-02 21:54:00,2022-03-02 21:56:00,447
11123,CLJ,2,2022-03-02 22:24:00,2022-03-02 22:26:00,479
11123,GD,2,2022-03-02 23:05:00,2022-03-02 23:10:00,508
11123,MUR,2,2022-03-02 23:32:00,2022-03-02 23:34:00,536
11123,MSW,2,2022-03-02 23:48:00,2022-03-02 23:50:00,550
11123,BST,2,2022-03-03 00:34:00,2022-03-03 00:37:00,597
11123,KLD,2,2022-03-03 00:59:00,2022-03-03 01:01:00,627
11123,GKP,2,2022-03-03 02:00:00,2022-03-03 02:10:00,661
11123,DEOS,2,2022-03-03 03:10:00,2022-03-03 03:15:00,711
11123,BTT,2,2022-03-03 03:40:00,2022-03-03 03:45:00,732
11123,BTK,2,2022-03-03 04:03:00,2022-03-03 04:05:00,753
11123,MW,2,2022-03-03 04:14:00,2022-03-03 04:16:00,759
11123,SV,2,2022-03-03 04:40:00,2022-03-03 04:45:00,781
11123,DDA,2,2022-03-03 05:01:00,2022-03-03 05:03:00,798
11123,CPR,2,2022-03-03 06:30:00,2022-03-03 06:40:00,841
11123,DGA,2,2022-03-03 07:26:00,2022-03-03 07:28:00,872
11123,SEE,2,2022-03-03 08:00:00,2022-03-03 08:05:00,895
11123,HJP,2,2022-03-03 08:15:00,2022-03-03 08:20:00,901
11123,BNR,2,2022-03-03 08:39:00,2022-03-03 08:41:00,920
11123,MFP,2,2022-03-03 09:20:00,2022-03-03 09:25:00,954
11123,DOL,2,2022-03-03 09:46:00,2022-03-03 09:48:00,979
11123,KRBP,2,2022-03-03 10:08:00,2022-03-03 10:10:00,993
11123,SPJ,2,2022-03-03 10:50:00,2022-03-03 10:55:00,1006
11123,DSS,2,2022-03-03 11:17:00,2022-03-03 11:19:00,1029
11123,BJU,2,2022-03-03 12:50:00,2022-03-03 12:50:00,1057
11123,GWL,3,2022-03-03 12:05:00,2022-03-03 12:05:00,0
11123,DBA,3,2022-03-03 12:40:00,2022-03-03 12:42:00,43
11123,DAA,3,2022-03-03 13:08:00,2022-03-03 13:10:00,73
11123,VGLB,3,2022-03-03 13:40:00,2022-03-03 14:00:00,98
11123,ORAI,3,2022-03-03 15:08:00,2022-03-03 15:10:00,211
11123,KPI,3,2022-03-03 15:40:00,2022-03-03 15:42:00,245
11123,PHN,3,2022-03-03 16:00:00,2022-03-03 16:02:00,259
11123,CNB,3,2022-03-03 18:50:00,2022-03-03 19:00:00,317
11123,ON,3,2022-03-03 19:30:00,2022-03-03 19:32:00,335
11123,LKO,3,2022-03-03 20:35:00,2022-03-03 20:45:00,391
11123,BBK,3,2022-03-03 21:28:00,2022-03-03 21:30:00,419
11123,BUW,3,2022-03-03 21:54:00,2022-03-03 21:56:00,447
11123,CLJ,3,2022-03-03 22:24:00,2022-03-03 22:26:00,479
11123,GD,3,2022-03-03 23:05:00,2022-03-03 23:10:00,508
11123,MUR,3,2022-03-03 23:32:00,2022-03-03 23:34:00,536
11123,MSW,3,2022-03-03 23:48:00,2022-03-03 23:50:00,550
11123,BST,3,2022-03-04 00:34:00,2022-03-04 00:37:00,597
11123,KLD,3,2022-03-04 00:59:00,2022-03-04 01:01:00,627
11123,GKP,3,2022-03-04 02:00:00,2022-03-04 02:10:00,661
11123,DEOS,3,2022-03-04 03:10:00,2022-03-04 03:15:00,711
11123,BTT,3,2022-03-04 03:40:00,2022-03-04 03:45:00,732
11123,BTK,3,2022-03-04 04:03:00,2022-03-04 04:05:00,753
11123,MW,3,2022-03-04 04:14:00,2022-03-04 04:16:00,759
11123,SV,3,2022-03-04 04:40:00,2022-03-04 04:45:00,781
11123,DDA,3,2022-03-04 05:01:00,2022-03-04 05:03:00,798
11123,CPR,3,2022-03-04 06:30:00,2022-03-04 06:40:00,841
11123,DGA,3,2022-03-04 07:26:00,2022-03-04 07:28:00,872
11123,SEE,3,2022-03-04 08:00:00,2022-03-04 08:05:00,895
11123,HJP,3,2022-03-04 08:15:00,2022-03-04 08:20:00,901
11123,BNR,3,2022-03-04 08:39:00,2022-03-04 08:41:00,920
11123,MFP,3,2022-03-04 09:20:00,2022-03-04 09:25:00,954
11123,DOL,3,2022-03-04 09:46:00,2022-03-04 09:48:00,979
11123,KRBP,3,2022-03-04 10:08:00,2022-03-04 10:10:00,993
11123,SPJ,3,2022-03-04 10:50:00,2022-03-04 10:55:00,1006
11123,DSS,3,2022-03-04 11:17:00,2022-03-04 11:19:00,1029
11123,BJU,3,2022-03-04 12:50:00,2022-03-04 12:50:00,1057
11123,GWL,4,2022-03-04 12:05:00,2022-03-04 12:05:00,0
11123,DBA,4,2022-03-04 12:40:00,2022-03-04 12:42:00,43
11123,DAA,4,2022-03-04 13:08:00,2022-03-04 13:10:00,73
11123,VGLB,4,2022-03-04 13:40:00,2022-03-04 14:00:00,98
11123,ORAI,4,2022-03-04 15:08:00,2022-03-04 15:10:00,211
11123,KPI,4,2022-03-04 15:40:00,2022-03-04 15:42:00,245
11123,PHN,4,2022-03-04 16:00:00,2022-03-04 16:02:00,259
11123,CNB,4,2022-03-04 18:50:00,2022-03-04 19:00:00,317
11123,ON,4,2022-03-04 19:30:00,2022-03-04 19:32:00,335
11123,LKO,4,2022-03-04 20:35:00,2022-03-04 20:45:00,391
11123,BBK,4,2022-03-04 21:28:00,2022-03-04 21:30:00,419
11123,BUW,4,2022-03-04 21:54:00,2022-03-04 21:56:00,447
11123,CLJ,4,2022-03-04 22:24:00,2022-03-04 22:26:00,479
11123,GD,4,2022-03-04 23:05:00,2022-03-04 23:10:00,508
11123,MUR,4,2022-03-04 23:32:00,2022-03-04 23:34:00,536
11123,MSW,4,2022-03-04 23:48:00,2022-03-04 23:50:00,550
11123,BST,4,2022-03-05 00:34:00,2022-03-05 00:37:00,597
11123,KLD,4,2022-03-05 00:59:00,2022-03-05 01:01:00,627
11123,GKP,4,2022-03-05 02:00:00,2022-03-05 02:10:00,661
11123,DEOS,4,2022-03-05 03:10:00,2022-03-05 03:15:00,711
11123,BTT,4,2022-03-05 03:40:00,2022-03-05 03:45:00,732
11123,BTK,4,2022-03-05 04:03:00,2022-03-05 04:05:00,753
11123,MW,4,2022-03-05 04:14:00,2022-03-05 04:16:00,759
11123,SV,4,2022-03-05 04:40:00,2022-03-05 04:45:00,781
11123,DDA,4,2022-03-05 05:01:00,2022-03-05 05:03:00,798
11123,CPR,4,2022-03-05 06:30:00,2022-03-05 06:40:00,841
11123,DGA,4,2022-03-05 07:26:00,2022-03-05 07:28:00,872
11123,SEE,4,2022-03-05 08:00:00,2022-03-05 08:05:00,895
11123,HJP,4,2022-03-05 08:15:00,2022-03-05 08:20:00,901
11123,BNR,4,2022-03-05 08:39:00,2022-03-05 08:41:00,920
11123,MFP,4,2022-03-05 09:20:00,2022-03-05 09:25:00,954
11123,DOL,4,2022-03-05 09:46:00,2022-03-05 09:48:00,979
11123,KRBP,4,2022-03-05 10:08:00,2022-03-05 10:10:00,993
11123,SPJ,4,2022-03-05 10:50:00,2022-03-05 10:55:00,1006
11123,DSS,4,2022-03-05 11:17:00,2022-03-05 11:19:00,1029
11123,BJU,4,2022-03-05 12:50:00,2022-03-05 12:50:00,1057
11123,GWL,5,2022-03-05 12:05:00,2022-03-05 12:05:00,0
11123,DBA,5,2022-03-05 12:40:00,2022-03-05 12:42:00,43
11123,DAA,5,2022-03-05 13:08:00,2022-03-05 13:10:00,73
11123,VGLB,5,2022-03-05 13:40:00,2022-03-05 14:00:00,98
11123,ORAI,5,2022-03-05 15:08:00,2022-03-05 15:10:00,211
11123,KPI,5,2022-03-05 15:40:00,2022-03-05 15:42:00,245
11123,PHN,5,2022-03-05 16:00:00,2022-03-05 16:02:00,259
11123,CNB,5,2022-03-05 18:50:00,2022-03-05 19:00:00,317
11123,ON,5,2022-03-05 19:30:00,2022-03-05 19:32:00,335
11123,LKO,5,2022-03-05 20:35:00,2022-03-05 20:45:00,391
11123,BBK,5,2022-03-05 21:28:00,2022-03-05 21:30:00,419
11123,BUW,5,2022-03-05 21:54:00,2022-03-05 21:56:00,447
11123,CLJ,5,2022-03-05 22:24:00,2022-03-05 22:26:00,479
11123,GD,5,2022-03-05 23:05:00,2022-03-05 23:10:00,508
11123,MUR,5,2022-03-05 23:32:00,2022-03-05 23:34:00,536
11123,MSW,5,2022-03-05 23:48:00,2022-03-05 23:50:00,550
11123,BST,5,2022-03-06 00:34:00,2022-03-06 00:37:00,597
11123,KLD,5,2022-03-06 00:59:00,2022-03-06 01:01:00,627
11123,GKP,5,2022-03-06 02:00:00,2022-03-06 02:10:00,661
11123,DEOS,5,2022-03-06 03:10:00,2022-03-06 03:15:00,711
11123,BTT,5,2022-03-06 03:40:00,2022-03-06 03:45:00,732
11123,BTK,5,2022-03-06 04:03:00,2022-03-06 04:05:00,753
11123,MW,5,2022-03-06 04:14:00,2022-03-06 04:16:00,759
11123,SV,5,2022-03-06 04:40:00,2022-03-06 04:45:00,781
11123,DDA,5,2022-03-06 05:01:00,2022-03-06 05:03:00,798
11123,CPR,5,2022-03-06 06:30:00,2022-03-06 06:40:00,841
11123,DGA,5,2022-03-06 07:26:00,2022-03-06 07:28:00,872
11123,SEE,5,2022-03-06 08:00:00,2022-03-06 08:05:00,895
11123,HJP,5,2022-03-06 08:15:00,2022-03-06 08:20:00,901
11123,BNR,5,2022-03-06 08:39:00,2022-03-06 08:41:00,920
11123,MFP,5,2022-03-06 09:20:00,2022-03-06 09:25:00,954
11123,DOL,5,2022-03-06 09:46:00,2022-03-06 09:48:00,979
11123,KRBP,5,2022-03-06 10:08:00,2022-03-06 10:10:00,993
11123,SPJ,5,2022-03-06 10:50:00,2022-03-06 10:55:00,1006
11123,DSS,5,2022-03-06 11:17:00,2022-03-06 11:19:00,1029
11123,BJU,5,2022-03-06 12:50:00,2022-03-06 12:50:00,1057
11123,GWL,6,2022-03-06 12:05:00,2022-03-06 12:05:00,0
11123,DBA,6,2022-03-06 12:40:00,2022-03-06 12:42:00,43
11123,DAA,6,2022-03-06 13:08:00,2022-03-06 13:10:00,73
11123,VGLB,6,2022-03-06 13:40:00,2022-03-06 14:00:00,98
11123,ORAI,6,2022-03-06 15:08:00,2022-03-06 15:10:00,211
11123,KPI,6,2022-03-06 15:40:00,2022-03-06 15:42:00,245
11123,PHN,6,2022-03-06 16:00:00,2022-03-06 16:02:00,259
11123,CNB,6,2022-03-06 18:50:00,2022-03-06 19:00:00,317
11123,ON,6,2022-03-06 19:30:00,2022-03-06 19:32:00,335
11123,LKO,6,2022-03-06 20:35:00,2022-03-06 20:45:00,391
11123,BBK,6,2022-03-06 21:28:00,2022-03-06 21:30:00,419
11123,BUW,6,2022-03-06 21:54:00,2022-03-06 21:56:00,447
11123,CLJ,6,2022-03-06 22:24:00,2022-03-06 22:26:00,479
11123,GD,6,2022-03-06 23:05:00,2022-03-06 23:10:00,508
11123,MUR,6,2022-03-06 23:32:00,2022-03-06 23:34:00,536
11123,MSW,6,2022-03-06 23:48:00,2022-03-06 23:50:00,550
11123,BST,6,2022-03-07 00:34:00,2022-03-07 00:37:00,597
11123,KLD,6,2022-03-07 00:59:00,2022-03-07 01:01:00,627
11123,GKP,6,2022-03-07 02:00:00,2022-03-07 02:10:00,661
11123,DEOS,6,2022-03-07 03:10:00,2022-03-07 03:15:00,711
11123,BTT,6,2022-03-07 03:40:00,2022-03-07 03:45:00,732
11123,BTK,6,2022-03-07 04:03:00,2022-03-07 04:05:00,753
11123,MW,6,2022-03-07 04:14:00,2022-03-07 04:16:00,759
11123,SV,6,2022-03-07 04:40:00,2022-03-07 04:45:00,781
11123,DDA,6,2022-03-07 05:01:00,2022-03-07 05:03:00,798
11123,CPR,6,2022-03-07 06:30:00,2022-03-07 06:40:00,841
11123,DGA,6,2022-03-07 07:26:00,2022-03-07 07:28:00,872
11123,SEE,6,2022-03-07 08:00:00,2022-03-07 08:05:00,895
11123,HJP,6,2022-03-07 08:15:00,2022-03-07 08:20:00,901
11123,BNR,6,2022-03-07 08:39:00,2022-03-07 08:41:00,920
11123,MFP,6,2022-03-07 09:20:00,2022-03-07 09:25:00,954
11123,DOL,6,2022-03-07 09:46:00,2022-03-07 09:48:00,979
11123,KRBP,6,2022-03-07 10:08:00,2022-03-07 10:10:00,993
11123,SPJ,6,2022-03-07 10:50:00,2022-03-07 10:55:00,1006
11123,DSS,6,2022-03-07 11:17:00,2022-03-07 11:19:00,1029
11123,BJU,6,2022-03-07 12:50:00,2022-03-07 12:50:00,1057
11123,GWL,7,2022-03-07 12:05:00,2022-03-07 12:05:00,0
11123,DBA,7,2022-03-07 12:40:00,2022-03-07 12:42:00,43
11123,DAA,7,2022-03-07 13:08:00,2022-03-07 13:10:00,73
11123,VGLB,7,2022-03-07 13:40:00,2022-03-07 14:00:00,98
11123,ORAI,7,2022-03-07 15:08:00,2022-03-07 15:10:00,211
11123,KPI,7,2022-03-07 15:40:00,2022-03-07 15:42:00,245
11123,PHN,7,2022-03-07 16:00:00,2022-03-07 16:02:00,259
11123,CNB,7,2022-03-07 18:50:00,2022-03-07 19:00:00,317
11123,ON,7,2022-03-07 19:30:00,2022-03-07 19:32:00,335
11123,LKO,7,2022-03-07 20:35:00,2022-03-07 20:45:00,391
11123,BBK,7,2022-03-07 21:28:00,2022-03-07 21:30:00,419
11123,BUW,7,2022-03-07 21:54:00,2022-03-07 21:56:00,447
11123,CLJ,7,2022-03-07 22:24:00,2022-03-07 22:26:00,479
11123,GD,7,2022-03-07 23:05:00,2022-03-07 23:10:00,508
11123,MUR,7,2022-03-07 23:32:00,2022-03-07 23:34:00,536
11123,MSW,7,2022-03-07 23:48:00,2022-03-07 23:50:00,550
11123,BST,7,2022-03-08 00:34:00,2022-03-08 00:37:00,597
11123,KLD,7,2022-03-08 00:59:00,2022-03-08 01:01:00,627
11123,GKP,7,2022-03-08 02:00:00,2022-03-08 02:10:00,661
11123,DEOS,7,2022-03-08 03:10:00,2022-03-08 03:15:00,711
11123,BTT,7,2022-03-08 03:40:00,2022-03-08 03:45:00,732
11123,BTK,7,2022-03-08 04:03:00,2022-03-08 04:05:00,753
11123,MW,7,2022-03-08 04:14:00,2022-03-08 04:16:00,759
11123,SV,7,2022-03-08 04:40:00,2022-03-08 04:45:00,781
11123,DDA,7,2022-03-08 05:01:00,2022-03-08 05:03:00,798
11123,CPR,7,2022-03-08 06:30:00,2022-03-08 06:40:00,841
11123,DGA,7,2022-03-08 07:26:00,2022-03-08 07:28:00,872
11123,SEE,7,2022-03-08 08:00:00,2022-03-08 08:05:00,895
11123,HJP,7,2022-03-08 08:15:00,2022-03-08 08:20:00,901
11123,BNR,7,2022-03-08 08:39:00,2022-03-08 08:41:00,920
11123,MFP,7,2022-03-08 09:20:00,2022-03-08 09:25:00,954
11123,DOL,7,2022-03-08 09:46:00,2022-03-08 09:48:00,979
11123,KRBP,7,2022-03-08 10:08:00,2022-03-08 10:10:00,993
11123,SPJ,7,2022-03-08 10:50:00,2022-03-08 10:55:00,1006
11123,DSS,7,2022-03-08 11:17:00,2022-03-08 11:19:00,1029
11123,BJU,7,2022-03-08 12:50:00,2022-03-08 12:50:00,1057
22402,UHP,1,2022-03-01 18:00:00,2022-03-01 18:00:00,0
22402,JAT,1,2022-03-01 19:05:00,2022-03-01 19:15:00,54
22402,PTKC,1,2022-03-01 20:50:00,2022-03-01 20:53:00,153
22402,JRC,1,2022-03-01 22:28:00,2022-03-01 22:30:00,266
22402,LDH,1,2022-03-01 23:20:00,2022-03-01 23:30:00,318
22402,UMB,1,2022-03-02 01:05:00,2022-03-02 01:10:00,432
22402,PNP,1,2022-03-02 02:14:00,2022-03-02 02:16:00,540
22402,DEE,1,2022-03-02 03:55:00,2022-03-02 03:55:00,631
22402,UHP,2,2022-03-02 18:00:00,2022-03-02 18:00:00,0
22402,JAT,2,2022-03-02 19:05:00,2022-03-02 19:15:00,54
22402,PTKC,2,2022-03-02 20:50:00,2022-03-02 20:53:00,153
22402,JRC,2,2022-03-02 22:28:00,2022-03-02 22:30:00,266
22402,LDH,2,2022-03-02 23:20:00,2022-03-02 23:30:00,318
22402,UMB,2,2022-03-03 01:05:00,2022-03-03 01:10:00,432
22402,PNP,2,2022-03-03 02:14:00,2022-03-03 02:16:00,540
22402,DEE,2,2022-03-03 03:55:00,2022-03-03 03:55:00,631
22402,UHP,3,2022-03-03 18:00:00,2022-03-03 18:00:00,0
22402,JAT,3,2022-03-03 19:05:00,2022-03-03 19:15:00,54
22402,PTKC,3,2022-03-03 20:50:00,2022-03-03 20:53:00,153
22402,JRC,3,2022-03-03 22:28:00,2022-03-03 22:30:00,266
22402,LDH,3,2022-03-03 23:20:00,2022-03-03 23:30:00,318
22402,UMB,3,2022-03-04 01:05:00,2022-03-04 01:10:00,432
22402,PNP,3,2022-03-04 02:14:00,2022-03-04 02:16:00,540
22402,DEE,3,2022-03-04 03:55:00,2022-03-04 03:55:00,631
22402,UHP,4,2022-03-04 18:00:00,2022-03-04 18:00:00,0
22402,JAT,4,2022-03-04 19:05:00,2022-03-04 19:15:00,54
22402,PTKC,4,2022-03-04 20:50:00,2022-03-04 20:53:00,153
22402,JRC,4,2022-03-04 22:28:00,2022-03-04 22:30:00,266
22402,LDH,4,2022-03-04 23:20:00,2022-03-04 23:30:00,318
22402,UMB,4,2022-03-05 01:05:00,2022-03-05 01:10:00,432
22402,PNP,4,2022-03-05 02:14:00,2022-03-05 02:16:00,540
22402,DEE,4,2022-03-05 03:55:00,2022-03-05 03:55:00,631
22402,UHP,5,2022-03-05 18:00:00,2022-03-05 18:00:00,0
22402,JAT,5,2022-03-05 19:05:00,2022-03-05 19:15:00,54
22402,PTKC,5,2022-03-05 20:50:00,2022-03-05 20:53:00,153
22402,JRC,5,2022-03-05 22:28:00,2022-03-05 22:30:00,266
22402,LDH,5,2022-03-05 23:20:00,2022-03-05 23:30:00,318
22402,UMB,5,2022-03-06 01:05:00,2022-03-06 01:10:00,432
22402,PNP,5,2022-03-06 02:14:00,2022-03-06 02:16:00,540
22402,DEE,5,2022-03-06 03:55:00,2022-03-06 03:55:00,631
22402,UHP,6,2022-03-06 18:00:00,2022-03-06 18:00:00,0
22402,JAT,6,2022-03-06 19:05:00,2022-03-06 19:15:00,54
22402,PTKC,6,2022-03-06 20:50:00,2022-03-06 20:53:00,153
22402,JRC,6,2022-03-06 22:28:00,2022-03-06 22:30:00,266
22402,LDH,6,2022-03-06 23:20:00,2022-03-06 23:30:00,318
22402,UMB,6,2022-03-07 01:05:00,2022-03-07 01:10:00,432
22402,PNP,6,2022-03-07 02:14:00,2022-03-07 02:16:00,540
22402,DEE,6,2022-03-07 03:55:00,2022-03-07 03:55:00,631
22402,UHP,7,2022-03-07 18:00:00,2022-03-07 18:00:00,0
22402,JAT,7,2022-03-07 19:05:00,2022-03-07 19:15:00,54
22402,PTKC,7,2022-03-07 20:50:00,2022-03-07 20:53:00,153
22402,JRC,7,2022-03-07 22:28:00,2022-03-07 22:30:00,266
22402,LDH,7,2022-03-07 23:20:00,2022-03-07 23:30:00,318
22402,UMB,7,2022-03-08 01:05:00,2022-03-08 01:10:00,432
22402,PNP,7,2022-03-08 02:14:00,2022-03-08 02:16:00,540
22402,DEE,7,2022-03-08 03:55:00,2022-03-08 03:55:00,631
22150,PUNE,1,2022-03-01 18:45:00,2022-03-01 18:45:00,0
22150,PNVL,1,2022-03-01 21:20:00,2022-03-01 21:25:00,121
22150,CHI,1,2022-03-02 00:28:00,2022-03-02 00:30:00,377
22150,RN,1,2022-03-02 01:45:00,2022-03-02 01:50:00,483
22150,KKW,1,2022-03-02 03:08:00,2022-03-02 03:10:00,639
22150,SWV,1,2022-03-02 03:46:00,2022-03-02 03:48:00,707
22150,MAO,1,2022-03-02 05:40:00,2022-03-02 05:50:00,817
22150,KAWR,1,2022-03-02 06:48:00,2022-03-02 06:50:00,899
22150,KUDA,1,2022-03-02 08:56:00,2022-03-02 08:58:00,1122
22150,UD,1,2022-03-02 09:28:00,2022-03-02 09:30:00,1167
22150,MAJN,1,2022-03-02 11:10:00,2022-03-02 11:20:00,1248
22150,KGQ,1,2022-03-02 12:04:00,2022-03-02 12:05:00,1299
22150,CAN,1,2022-03-02 13:17:00,2022-03-02 13:20:00,1385
22150,TLY,1,2022-03-02 13:39:00,2022-03-02 13:40:00,1406
22150,CLT,1,2022-03-02 14:37:00,2022-03-02 14:40:00,1474
22150,TIR,1,2022-03-02 15:19:00,2022-03-02 15:20:00,1515
22150,SRR,1,2022-03-02 16:10:00,2022-03-02 16:15:00,1560
22150,TCR,1,2022-03-02 16:52:00,2022-03-02 16:55:00,1593
22150,ERS,1,2022-03-02 18:50:00,2022-03-02 18:50:00,1667
22150,PUNE,2,2022-03-02 18:45:00,2022-03-02 18:45:00,0
22150,PNVL,2,2022-03-02 21:20:00,2022-03-02 21:25:00,121
22150,CHI,2,2022-03-03 00:28:00,2022-03-03 00:30:00,377
22150,RN,2,2022-03-03 01:45:00,2022-03-03 01:50:00,483
22150,KKW,2,2022-03-03 03:08:00,2022-03-03 03:10:00,639
22150,SWV,2,2022-03-03 03:46:00,2022-03-03 03:48:00,707
22150,MAO,2,2022-03-03 05:40:00,2022-03-03 05:50:00,817
22150,KAWR,2,2022-03-03 06:48:00,2022-03-03 06:50:00,899
22150,KUDA,2,2022-03-03 08:56:00,2022-03-03 08:58:00,1122
22150,UD,2,2022-03-03 09:28:00,2022-03-03 09:30:00,1167
22150,MAJN,2,2022-03-03 11:10:00,2022-03-03 11:20:00,1248
22150,KGQ,2,2022-03-03 12:04:00,2022-03-03 12:05:00,1299
22150,CAN,2,2022-03-03 13:17:00,2022-03-03 13:20:00,1385
22150,TLY,2,2022-03-03 13:39:00,2022-03-03 13:40:00,1406
22150,CLT,2,2022-03-03 14:37:00,2022-03-03 14:40:00,1474
22150,TIR,2,2022-03-03 15:19:00,2022-03-03 15:20:00,1515
22150,SRR,2,2022-03-03 16:10:00,2022-03-03 16:15:00,1560
22150,TCR,2,2022-03-03 16:52:00,2022-03-03 16:55:00,1593
22150,ERS,2,2022-03-03 18:50:00,2022-03-03 18:50:00,1667
22150,PUNE,3,2022-03-03 18:45:00,2022-03-03 18:45:00,0
22150,PNVL,3,2022-03-03 21:20:00,2022-03-03 21:25:00,121
22150,CHI,3,2022-03-04 00:28:00,2022-03-04 00:30:00,377
22150,RN,3,2022-03-04 01:45:00,2022-03-04 01:50:00,483
22150,KKW,3,2022-03-04 03:08:00,2022-03-04 03:10:00,639
22150,SWV,3,2022-03-04 03:46:00,2022-03-04 03:48:00,707
22150,MAO,3,2022-03-04 05:40:00,2022-03-04 05:50:00,817
22150,KAWR,3,2022-03-04 06:48:00,2022-03-04 06:50:00,899
22150,KUDA,3,2022-03-04 08:56:00,2022-03-04 08:58:00,1122
22150,UD,3,2022-03-04 09:28:00,2022-03-04 09:30:00,1167
22150,MAJN,3,2022-03-04 11:10:00,2022-03-04 11:20:00,1248
22150,KGQ,3,2022-03-04 12:04:00,2022-03-04 12:05:00,1299
22150,CAN,3,2022-03-04 13:17:00,2022-03-04 13:20:00,1385
22150,TLY,3,2022-03-04 13:39:00,2022-03-04 13:40:00,1406
22150,CLT,3,2022-03-04 14:37:00,2022-03-04 14:40:00,1474
22150,TIR,3,2022-03-04 15:19:00,2022-03-04 15:20:00,1515
22150,SRR,3,2022-03-04 16:10:00,2022-03-04 16:15:00,1560
22150,TCR,3,2022-03-04 16:52:00,2022-03-04 16:55:00,1593
22150,ERS,3,2022-03-04 18:50:00,2022-03-04 18:50:00,1667
22150,PUNE,4,2022-03-04 18:45:00,2022-03-04 18:45:00,0
22150,PNVL,4,2022-03-04 21:20:00,2022-03-04 21:25:00,121
22150,CHI,4,2022-03-05 00:28:00,2022-03-05 00:30:00,377
22150,RN,4,2022-03-05 01:45:00,2022-03-05 01:50:00,483
22150,KKW,4,2022-03-05 03:08:00,2022-03-05 03:10:00,639
22150,SWV,4,2022-03-05 03:46:00,2022-03-05 03:48:00,707
22150,MAO,4,2022-03-05 05:40:00,2022-03-05 05:50:00,817
22150,KAWR,4,2022-03-05 06:48:00,2022-03-05 06:50:00,899
22150,KUDA,4,2022-03-05 08:56:00,2022-03-05 08:58:00,1122
22150,UD,4,2022-03-05 09:28:00,2022-03-05 09:30:00,1167
22150,MAJN,4,2022-03-05 11:10:00,2022-03-05 11:20:00,1248
22150,KGQ,4,2022-03-05 12:04:00,2022-03-05 12:05:00,1299
22150,CAN,4,2022-03-05 13:17:00,2022-03-05 13:20:00,1385
22150,TLY,4,2022-03-05 13:39:00,2022-03-05 13:40:00,1406
22150,CLT,4,2022-03-05 14:37:00,2022-03-05 14:40:00,1474
22150,TIR,4,2022-03-05 15:19:00,2022-03-05 15:20:00,1515
22150,SRR,4,2022-03-05 16:10:00,2022-03-05 16:15:00,1560
22150,TCR,4,2022-03-05 16:52:00,2022-03-05 16:55:00,1593
22150,ERS,4,2022-03-05 18:50:00,2022-03-05 18:50:00,1667
22150,PUNE,5,2022-03-05 18:45:00,2022-03-05 18:45:00,0
22150,PNVL,5,2022-03-05 21:20:00,2022-03-05 21:25:00,121
22150,CHI,5,2022-03-06 00:28:00,2022-03-06 00:30:00,377
22150,RN,5,2022-03-06 01:45:00,2022-03-06 01:50:00,483
22150,KKW,5,2022-03-06 03:08:00,2022-03-06 03:10:00,639
22150,SWV,5,2022-03-06 03:46:00,2022-03-06 03:48:00,707
22150,MAO,5,2022-03-06 05:40:00,2022-03-06 05:50:00,817
22150,KAWR,5,2022-03-06 06:48:00,2022-03-06 06:50:00,899
22150,KUDA,5,2022-03-06 08:56:00,2022-03-06 08:58:00,1122
22150,UD,5,2022-03-06 09:28:00,2022-03-06 09:30:00,1167
22150,MAJN,5,2022-03-06 11:10:00,2022-03-06 11:20:00,1248
22150,KGQ,5,2022-03-06 12:04:00,2022-03-06 12:05:00,1299
22150,CAN,5,2022-03-06 13:17:00,2022-03-06 13:20:00,1385
22150,TLY,5,2022-03-06 13:39:00,2022-03-06 13:40:00,1406
22150,CLT,5,2022-03-06 14:37:00,2022-03-06 14:40:00,1474
22150,TIR,5,2022-03-06 15:19:00,2022-03-06 15:20:00,1515
22150,SRR,5,2022-03-06 16:10:00,2022-03-06 16:15:00,1560
22150,TCR,5,2022-03-06 16:52:00,2022-03-06 16:55:00,1593
22150,ERS,5,2022-03-06 18:50:00,2022-03-06 18:50:00,1667
22150,PUNE,6,2022-03-06 18:45:00,2022-03-06 18:45:00,0
22150,PNVL,6,2022-03-06 21:20:00,2022-03-06 21:25:00,121
22150,CHI,6,2022-03-07 00:28:00,2022-03-07 00:30:00,377
22150,RN,6,2022-03-07 01:45:00,2022-03-07 01:50:00,483
22150,KKW,6,2022-03-07 03:08:00,2022-03-07 03:10:00,639
22150,SWV,6,2022-03-07 03:46:00,2022-03-07 03:48:00,707
22150,MAO,6,2022-03-07 05:40:00,2022-03-07 05:50:00,817
22150,KAWR,6,2022-03-07 06:48:00,2022-03-07 06:50:00,899
22150,KUDA,6,2022-03-07 08:56:00,2022-03-07 08:58:00,1122
22150,UD,6,2022-03-07 09:28:00,2022-03-07 09:30:00,1167
22150,MAJN,6,2022-03-07 11:10:00,2022-03-07 11:20:00,1248
22150,KGQ,6,2022-03-07 12:04:00,2022-03-07 12:05:00,1299
22150,CAN,6,2022-03-07 13:17:00,2022-03-07 13:20:00,1385
22150,TLY,6,2022-03-07 13:39:00,2022-03-07 13:40:00,1406
22150,CLT,6,2022-03-07 14:37:00,2022-03-07 14:40:00,1474
22150,TIR,6,2022-03-07 15:19:00,2022-03-07 15:20:00,1515
22150,SRR,6,2022-03-07 16:10:00,2022-03-07 16:15:00,1560
22150,TCR,6,2022-03-07 16:52:00,2022-03-07 16:55:00,1593
22150,ERS,6,2022-03-07 18:50:00,2022-03-07 18:50:00,1667
22150,PUNE,7,2022-03-07 18:45:00,2022-03-07 18:45:00,0
22150,PNVL,7,2022-03-07 21:20:00,2022-03-07 21:25:00,121
22150,CHI,7,2022-03-08 00:28:00,2022-03-08 00:30:00,377
22150,RN,7,2022-03-08 01:45:00,2022-03-08 01:50:00,483
22150,KKW,7,2022-03-08 03:08:00,2022-03-08 03:10:00,639
22150,SWV,7,2022-03-08 03:46:00,2022-03-08 03:48:00,707
22150,MAO,7,2022-03-08 05:40:00,2022-03-08 05:50:00,817
22150,KAWR,7,2022-03-08 06:48:00,2022-03-08 06:50:00,899
22150,KUDA,7,2022-03-08 08:56:00,2022-03-08 08:58:00,1122
22150,UD,7,2022-03-08 09:28:00,2022-03-08 09:30:00,1167
22150,MAJN,7,2022-03-08 11:10:00,2022-03-08 11:20:00,1248
22150,KGQ,7,2022-03-08 12:04:00,2022-03-08 12:05:00,1299
22150,CAN,7,2022-03-08 13:17:00,2022-03-08 13:20:00,1385
22150,TLY,7,2022-03-08 13:39:00,2022-03-08 13:40:00,1406
22150,CLT,7,2022-03-08 14:37:00,2022-03-08 14:40:00,1474
22150,TIR,7,2022-03-08 15:19:00,2022-03-08 15:20:00,1515
22150,SRR,7,2022-03-08 16:10:00,2022-03-08 16:15:00,1560
22150,TCR,7,2022-03-08 16:52:00,2022-03-08 16:55:00,1593
22150,ERS,7,2022-03-08 18:50:00,2022-03-08 18:50:00,1667
15232,G,1,2022-03-01 21:15:00,2022-03-01 21:15:00,0
15232,AGN,1,2022-03-01 21:32:00,2022-03-01 21:34:00,23
15232,DGG,1,2022-03-01 22:18:00,2022-03-01 22:20:00,74
15232,RJN,1,2022-03-01 22:42:00,2022-03-01 22:44:00,105
15232,DURG,1,2022-03-01 23:25:00,2022-03-01 23:30:00,136
15232,R,1,2022-03-02 00:05:00,2022-03-02 00:10:00,173
15232,BYT,1,2022-03-02 00:58:00,2022-03-02 01:00:00,237
15232,USL,1,2022-03-02 02:10:00,2022-03-02 02:20:00,288
15232,PND,1,2022-03-02 03:37:00,2022-03-02 03:42:00,383
15232,APR,1,2022-03-02 04:19:00,2022-03-02 04:24:00,433
15232,BUH,1,2022-03-02 04:41:00,2022-03-02 04:43:00,455
15232,SDL,1,2022-03-02 05:14:00,2022-03-02 05:19:00,474
15232,UMR,1,2022-03-02 06:32:00,2022-03-02 06:34:00,541
15232,KTE,1,2022-03-02 09:40:00,2022-03-02 09:50:00,601
15232,MYR,1,2022-03-02 10:48:00,2022-03-02 10:50:00,664
15232,STA,1,2022-03-02 11:45:00,2022-03-02 11:50:00,699
15232,MKP,1,2022-03-02 13:35:00,2022-03-02 13:37:00,777
15232,SRJ,1,2022-03-02 14:24:00,2022-03-02 14:25:00,832
15232,PCOI,1,2022-03-02 15:25:00,2022-03-02 15:27:00,868
15232,BDL,1,2022-03-02 16:20:00,2022-03-02 16:22:00,942
15232,MZP,1,2022-03-02 16:38:00,2022-03-02 16:43:00,949
15232,BSB,1,2022-03-02 19:20:00,2022-03-02 19:30:00,1025
15232,JNU,1,2022-03-02 20:45:00,2022-03-02 20:50:00,1082
15232,MFJ,1,2022-03-02 21:06:00,2022-03-02 21:07:00,1099
15232,ARJ,1,2022-03-02 21:43:00,2022-03-02 21:45:00,1141
15232,GCT,1,2022-03-02 22:30:00,2022-03-02 22:35:00,1181
15232,BUI,1,2022-03-03 00:05:00,2022-03-03 00:10:00,1246
15232,CPR,1,2022-03-03 02:30:00,2022-03-03 02:40:00,1312
15232,HJP,1,2022-03-03 04:05:00,2022-03-03 04:10:00,1371
15232,MFP,1,2022-03-03 05:10:00,2022-03-03 05:15:00,1425
15232,SPJ,1,2022-03-03 06:33:00,2022-03-03 06:38:00,1476
15232,BJU,1,2022-03-03 08:30:00,2022-03-03 08:30:00,1527
15232,G,2,2022-03-02 21:15:00,2022-03-02 21:15:00,0
15232,AGN,2,2022-03-02 21:32:00,2022-03-02 21:34:00,23
15232,DGG,2,2022-03-02 22:18:00,2022-03-02 22:20:00,74
15232,RJN,2,2022-03-02 22:42:00,2022-03-02 22:44:00,105
15232,DURG,2,2022-03-02 23:25:00,2022-03-02 23:30:00,136
15232,R,2,2022-03-03 00:05:00,2022-03-03 00:10:00,173
15232,BYT,2,2022-03-03 00:58:00,2022-03-03 01:00:00,237
15232,USL,2,2022-03-03 02:10:00,2022-03-03 02:20:00,288
15232,PND,2,2022-03-03 03:37:00,2022-03-03 03:42:00,383
15232,APR,2,2022-03-03 04:19:00,2022-03-03 04:24:00,433
15232,BUH,2,2022-03-03 04:41:00,2022-03-03 04:43:00,455
15232,SDL,2,2022-03-03 05:14:00,2022-03-03 05:19:00,474
15232,UMR,2,2022-03-03 06:32:00,2022-03-03 06:34:00,541
15232,KTE,2,2022-03-03 09:40:00,2022-03-03 09:50:00,601
15232,MYR,2,2022-03-03 10:48:00,2022-03-03 10:50:00,664
15232,STA,2,2022-03-03 11:45:00,2022-03-03 11:50:00,699
15232,MKP,2,2022-03-03 13:35:00,2022-03-03 13:37:00,777
15232,SRJ,2,2022-03-03 14:24:00,2022-03-03 14:25:00,832
15232,PCOI,2,2022-03-03 15:25:00,2022-03-03 15:27:00,868
15232,BDL,2,2022-03-03 16:20:00,2022-03-03 16:22:00,942
15232,MZP,2,2022-03-03 16:38:00,2022-03-03 16:43:00,949
15232,BSB,2,2022-03-03 19:20:00,2022-03-03 19:30:00,1025
15232,JNU,2,2022-03-03 20:45:00,2022-03-03 20:50:00,1082
15232,MFJ,2,2022-03-03 21:06:00,2022-03-03 21:07:00,1099
15232,ARJ,2,2022-03-03 21:43:00,2022-03-03 21:45:00,1141
15232,GCT,2,2022-03-03 22:30:00,2022-03-03 22:35:00,1181
15232,BUI,2,2022-03-04 00:05:00,2022-03-04 00:10:00,1246
15232,CPR,2,2022-03-04 02:30:00,2022-03-04 02:40:00,1312
15232,HJP,2,2022-03-04 04:05:00,2022-03-04 04:10:00,1371
15232,MFP,2,2022-03-04 05:10:00,2022-03-04 05:15:00,1425
15232,SPJ,2,2022-03-04 06:33:00,2022-03-04 06:38:00,1476
15232,BJU,2,2022-03-04 08:30:00,2022-03-04 08:30:00,1527
15232,G,3,2022-03-03 21:15:00,2022-03-03 21:15:00,0
15232,AGN,3,2022-03-03 21:32:00,2022-03-03 21:34:00,23
15232,DGG,3,2022-03-03 22:18:00,2022-03-03 22:20:00,74
15232,RJN,3,2022-03-03 22:42:00,2022-03-03 22:44:00,105
15232,DURG,3,2022-03-03 23:25:00,2022-03-03 23:30:00,136
15232,R,3,2022-03-04 00:05:00,2022-03-04 00:10:00,173
15232,BYT,3,2022-03-04 00:58:00,2022-03-04 01:00:00,237
15232,USL,3,2022-03-04 02:10:00,2022-03-04 02:20:00,288
15232,PND,3,2022-03-04 03:37:00,2022-03-04 03:42:00,383
15232,APR,3,2022-03-04 04:19:00,2022-03-04 04:24:00,433
15232,BUH,3,2022-03-04 04:41:00,2022-03-04 04:43:00,455
15232,SDL,3,2022-03-04 05:14:00,2022-03-04 05:19:00,474
15232,UMR,3,2022-03-04 06:32:00,2022-03-04 06:34:00,541
15232,KTE,3,2022-03-04 09:40:00,2022-03-04 09:50:00,601
15232,MYR,3,2022-03-04 10:48:00,2022-03-04 10:50:00,664
15232,STA,3,2022-03-04 11:45:00,2022-03-04 11:50:00,699
15232,MKP,3,2022-03-04 13:35:00,2022-03-04 13:37:00,777
15232,SRJ,3,2022-03-04 14:24:00,2022-03-04 14:25:00,832
15232,PCOI,3,2022-03-04 15:25:00,2022-03-04 15:27:00,868
15232,BDL,3,2022-03-04 16:20:00,2022-03-04 16:22:00,942
15232,MZP,3,2022-03-04 16:38:00,2022-03-04 16:43:00,949
15232,BSB,3,2022-03-04 19:20:00,2022-03-04 19:30:00,1025
15232,JNU,3,2022-03-04 20:45:00,2022-03-04 20:50:00,1082
15232,MFJ,3,2022-03-04 21:06:00,2022-03-04 21:07:00,1099
15232,ARJ,3,2022-03-04 21:43:00,2022-03-04 21:45:00,1141
15232,GCT,3,2022-03-04 22:30:00,2022-03-04 22:35:00,1181
15232,BUI,3,2022-03-05 00:05:00,2022-03-05 00:10:00,1246
15232,CPR,3,2022-03-05 02:30:00,2022-03-05 02:40:00,1312
15232,HJP,3,2022-03-05 04:05:00,2022-03-05 04:10:00,1371
15232,MFP,3,2022-03-05 05:10:00,2022-03-05 05:15:00,1425
15232,SPJ,3,2022-03-05 06:33:00,2022-03-05 06:38:00,1476
15232,BJU,3,2022-03-05 08:30:00,2022-03-05 08:30:00,1527
15232,G,4,2022-03-04 21:15:00,2022-03-04 21:15:00,0
15232,AGN,4,2022-03-04 21:32:00,2022-03-04 21:34:00,23
15232,DGG,4,2022-03-04 22:18:00,2022-03-04 22:20:00,74
15232,RJN,4,2022-03-04 22:42:00,2022-03-04 22:44:00,105
15232,DURG,4,2022-03-04 23:25:00,2022-03-04 23:30:00,136
15232,R,4,2022-03-05 00:05:00,2022-03-05 00:10:00,173
15232,BYT,4,2022-03-05 00:58:00,2022-03-05 01:00:00,237
15232,USL,4,2022-03-05 02:10:00,2022-03-05 02:20:00,288
15232,PND,4,2022-03-05 03:37:00,2022-03-05 03:42:00,383
15232,APR,4,2022-03-05 04:19:00,2022-03-05 04:24:00,433
15232,BUH,4,2022-03-05 04:41:00,2022-03-05 04:43:00,455
15232,SDL,4,2022-03-05 05:14:00,2022-03-05 05:19:00,474
15232,UMR,4,2022-03-05 06:32:00,2022-03-05 06:34:00,541
15232,KTE,4,2022-03-05 09:40:00,2022-03-05 09:50:00,601
15232,MYR,4,2022-03-05 10:48:00,2022-03-05 10:50:00,664
15232,STA,4,2022-03-05 11:45:00,2022-03-05 11:50:00,699
15232,MKP,4,2022-03-05 13:35:00,2022-03-05 13:37:00,777
15232,SRJ,4,2022-03-05 14:24:00,2022-03-05 14:25:00,832
15232,PCOI,4,2022-03-05 15:25:00,2022-03-05 15:27:00,868
15232,BDL,4,2022-03-05 16:20:00,2022-03-05 16:22:00,942
15232,MZP,4,2022-03-05 16:38:00,2022-03-05 16:43:00,949
15232,BSB,4,2022-03-05 19:20:00,2022-03-05 19:30:00,1025
15232,JNU,4,2022-03-05 20:45:00,2022-03-05 20:50:00,1082
15232,MFJ,4,2022-03-05 21:06:00,2022-03-05 21:07:00,1099
15232,ARJ,4,2022-03-05 21:43:00,2022-03-05 21:45:00,1141
15232,GCT,4,2022-03-05 22:30:00,2022-03-05 22:35:00,1181
15232,BUI,4,2022-03-06 00:05:00,2022-03-06 00:10:00,1246
15232,CPR,4,2022-03-06 02:30:00,2022-03-06 02:40:00,1312
15232,HJP,4,2022-03-06 04:05:00,2022-03-06 04:10:00,1371
15232,MFP,4,2022-03-06 05:10:00,2022-03-06 05:15:00,1425
15232,SPJ,4,2022-03-06 06:33:00,2022-03-06 06:38:00,1476
15232,BJU,4,2022-03-06 08:30:00,2022-03-06 08:30:00,1527
15232,G,5,2022-03-05 21:15:00,2022-03-05 21:15:00,0
15232,AGN,5,2022-03-05 21:32:00,2022-03-05 21:34:00,23
15232,DGG,5,2022-03-05 22:18:00,2022-03-05 22:20:00,74
15232,RJN,5,2022-03-05 22:42:00,2022-03-05 22:44:00,105
15232,DURG,5,2022-03-05 23:25:00,2022-03-05 23:30:00,136
15232,R,5,2022-03-06 00:05:00,2022-03-06 00:10:00,173
15232,BYT,5,2022-03-06 00:58:00,2022-03-06 01:00:00,237
15232,USL,5,2022-03-06 02:10:00,2022-03-06 02:20:00,288
15232,PND,5,2022-03-06 03:37:00,2022-03-06 03:42:00,383
15232,APR,5,2022-03-06 04:19:00,2022-03-06 04:24:00,433
15232,BUH,5,2022-03-06 04:41:00,2022-03-06 04:43:00,455
15232,SDL,5,2022-03-06 05:14:00,2022-03-06 05:19:00,474
15232,UMR,5,2022-03-06 06:32:00,2022-03-06 06:34:00,541
15232,KTE,5,2022-03-06 09:40:00,2022-03-06 09:50:00,601
15232,MYR,5,2022-03-06 10:48:00,2022-03-06 10:50:00,664
15232,STA,5,2022-03-06 11:45:00,2022-03-06 11:50:00,699
15232,MKP,5,2022-03-06 13:35:00,2022-03-06 13:37:00,777
15232,SRJ,5,2022-03-06 14:24:00,2022-03-06 14:25:00,832
15232,PCOI,5,2022-03-06 15:25:00,2022-03-06 15:27:00,868
15232,BDL,5,2022-03-06 16:20:00,2022-03-06 16:22:00,942
15232,MZP,5,2022-03-06 16:38:00,2022-03-06 16:43:00,949
15232,BSB,5,2022-03-06 19:20:00,2022-03-06 19:30:00,1025
15232,JNU,5,2022-03-06 20:45:00,2022-03-06 20:50:00,1082
15232,MFJ,5,2022-03-06 21:06:00,2022-03-06 21:07:00,1099
15232,ARJ,5,2022-03-06 21:43:00,2022-03-06 21:45:00,1141
15232,GCT,5,2022-03-06 22:30:00,2022-03-06 22:35:00,1181
15232,BUI,5,2022-03-07 00:05:00,2022-03-07 00:10:00,1246
15232,CPR,5,2022-03-07 02:30:00,2022-03-07 02:40:00,1312
15232,HJP,5,2022-03-07 04:05:00,2022-03-07 04:10:00,1371
15232,MFP,5,2022-03-07 05:10:00,2022-03-07 05:15:00,1425
15232,SPJ,5,2022-03-07 06:33:00,2022-03-07 06:38:00,1476
15232,BJU,5,2022-03-07 08:30:00,2022-03-07 08:30:00,1527
15232,G,6,2022-03-06 21:15:00,2022-03-06 21:15:00,0
15232,AGN,6,2022-03-06 21:32:00,2022-03-06 21:34:00,23
15232,DGG,6,2022-03-06 22:18:00,2022-03-06 22:20:00,74
15232,RJN,6,2022-03-06 22:42:00,2022-03-06 22:44:00,105
15232,DURG,6,2022-03-06 23:25:00,2022-03-06 23:30:00,136
15232,R,6,2022-03-07 00:05:00,2022-03-07 00:10:00,173
15232,BYT,6,2022-03-07 00:58:00,2022-03-07 01:00:00,237
15232,USL,6,2022-03-07 02:10:00,2022-03-07 02:20:00,288
15232,PND,6,2022-03-07 03:37:00,2022-03-07 03:42:00,383
15232,APR,6,2022-03-07 04:19:00,2022-03-07 04:24:00,433
15232,BUH,6,2022-03-07 04:41:00,2022-03-07 04:43:00,455
15232,SDL,6,2022-03-07 05:14:00,2022-03-07 05:19:00,474
15232,UMR,6,2022-03-07 06:32:00,2022-03-07 06:34:00,541
15232,KTE,6,2022-03-07 09:40:00,2022-03-07 09:50:00,601
15232,MYR,6,2022-03-07 10:48:00,2022-03-07 10:50:00,664
15232,STA,6,2022-03-07 11:45:00,2022-03-07 11:50:00,699
15232,MKP,6,2022-03-07 13:35:00,2022-03-07 13:37:00,777
15232,SRJ,6,2022-03-07 14:24:00,2022-03-07 14:25:00,832
15232,PCOI,6,2022-03-07 15:25:00,2022-03-07 15:27:00,868
15232,BDL,6,2022-03-07 16:20:00,2022-03-07 16:22:00,942
15232,MZP,6,2022-03-07 16:38:00,2022-03-07 16:43:00,949
15232,BSB,6,2022-03-07 19:20:00,2022-03-07 19:30:00,1025
15232,JNU,6,2022-03-07 20:45:00,2022-03-07 20:50:00,1082
15232,MFJ,6,2022-03-07 21:06:00,2022-03-07 21:07:00,1099
15232,ARJ,6,2022-03-07 21:43:00,2022-03-07 21:45:00,1141
15232,GCT,6,2022-03-07 22:30:00,2022-03-07 22:35:00,1181
15232,BUI,6,2022-03-08 00:05:00,2022-03-08 00:10:00,1246
15232,CPR,6,2022-03-08 02:30:00,2022-03-08 02:40:00,1312
15232,HJP,6,2022-03-08 04:05:00,2022-03-08 04:10:00,1371
15232,MFP,6,2022-03-08 05:10:00,2022-03-08 05:15:00,1425
15232,SPJ,6,2022-03-08 06:33:00,2022-03-08 06:38:00,1476
15232,BJU,6,2022-03-08 08:30:00,2022-03-08 08:30:00,1527
15232,G,7,2022-03-07 21:15:00,2022-03-07 21:15:00,0
15232,AGN,7,2022-03-07 21:32:00,2022-03-07 21:34:00,23
15232,DGG,7,2022-03-07 22:18:00,2022-03-07 22:20:00,74
15232,RJN,7,2022-03-07 22:42:00,2022-03-07 22:44:00,105
15232,DURG,7,2022-03-07 23:25:00,2022-03-07 23:30:00,136
15232,R,7,2022-03-08 00:05:00,2022-03-08 00:10:00,173
15232,BYT,7,2022-03-08 00:58:00,2022-03-08 01:00:00,237
15232,USL,7,2022-03-08 02:10:00,2022-03-08 02:20:00,288
15232,PND,7,2022-03-08 03:37:00,2022-03-08 03:42:00,383
15232,APR,7,2022-03-08 04:19:00,2022-03-08 04:24:00,433
15232,BUH,7,2022-03-08 04:41:00,2022-03-08 04:43:00,455
15232,SDL,7,2022-03-08 05:14:00,2022-03-08 05:19:00,474
15232,UMR,7,2022-03-08 06:32:00,2022-03-08 06:34:00,541
15232,KTE,7,2022-03-08 09:40:00,2022-03-08 09:50:00,601
15232,MYR,7,2022-03-08 10:48:00,2022-03-08 10:50:00,664
15232,STA,7,2022-03-08 11:45:00,2022-03-08 11:50:00,699
15232,MKP,7,2022-03-08 13:35:00,2022-03-08 13:37:00,777
15232,SRJ,7,2022-03-08 14:24:00,2022-03-08 14:25:00,832
15232,PCOI,7,2022-03-08 15:25:00,2022-03-08 15:27:00,868
15232,BDL,7,2022-03-08 16:20:00,2022-03-08 16:22:00,942
15232,MZP,7,2022-03-08 16:38:00,2022-03-08 16:43:00,949
15232,BSB,7,2022-03-08 19:20:00,2022-03-08 19:30:00,1025
15232,JNU,7,2022-03-08 20:45:00,2022-03-08 20:50:00,1082
15232,MFJ,7,2022-03-08 21:06:00,2022-03-08 21:07:00,1099
15232,ARJ,7,2022-03-08 21:43:00,2022-03-08 21:45:00,1141
15232,GCT,7,2022-03-08 22:30:00,2022-03-08 22:35:00,1181
15232,BUI,7,2022-03-09 00:05:00,2022-03-09 00:10:00,1246
15232,CPR,7,2022-03-09 02:30:00,2022-03-09 02:40:00,1312
15232,HJP,7,2022-03-09 04:05:00,2022-03-09 04:10:00,1371
15232,MFP,7,2022-03-09 05:10:00,2022-03-09 05:15:00,1425
15232,SPJ,7,2022-03-09 06:33:00,2022-03-09 06:38:00,1476
15232,BJU,7,2022-03-09 08:30:00,2022-03-09 08:30:00,1527
